Referencia,Descricao,Preco/Metro,DataInicio,DataFim,Observacoes,Unidade,MedidaBase,PrecoRS,PrecoBA,PrecoCE,PrecoMG,Peso,Custo/RS,Custo/BA/CE,nov./22,,PRAZO,60/90,-3,-3
M9043,"(cad.tranç.16fu.1fio pol.p/espula 2,0mm c/goma PUMA)",,18/09/2025,,,METRO,,"0,27",,,,,,,,,,,,
6AL,(cad.pol. Tear),,01/09/2022,,,PAR,100cm,"0,94",,"0,91",,,,,,,,,,
6AL,(Desconto especial para pedido Mormai) (cad.pol. Tear),,25/09/2023,,(Desconto especial para pedido Mormai),PAR,100cm,"0,88",,,,,,,,,,,,
6AL,(cad.tear pol. c/pont.personalizada),,01/09/2022,,,PAR,100cm,"1,16",,"1,13",,,,,,,,,,
6AL-F,(cad.tear pol.),,01/09/2022,,,PAR,100cm,"0,98",,"0,95",,,,,,,,,,
M10046,(cad.pol.tear),,01/09/2022,,,PAR,100cm,"0,94",,"0,91",,,,,,,,,,
M10114,(cad.tear pol. 6mm bicolor Reebok),,01/06/2023,,,PAR,100cm,"0,84",,"0,82",,,,,,,,,,
M10119 7MM,(cad.tear pol. 7mm),,01/09/2022,,,PAR,100cm,"1,06",,"1,03",,,,,,,,,,
M10119,(com ponteira personalizada),,11/02/2021,,,PAR,100cm,"1,14",,"1,11",,,,,,,,,,
M10120,(cad.tear pol. Pontilhado),,11/02/2021,,,PAR,100cm,"1,07",,"1,04",,,,,,,,,,
M10121,(cad.tear,,11/02/2021,,,PAR,100cm,"1,53",,"1,48",,,,,,,,,,
M10124 5MM,(cad.tear pol.5mm c/detalhe),,01/09/2022,,,PAR,100cm,"0,98",,"0,95",,,,,,,,,,
M10124 8MM,(cad.tear pol.8mm c/pont.personalizada),,01/09/2022,,,PAR,100cm,"1,7",,"1,65",,,,,,,,,,
M10131,(cad.tear pol.),,11/02/2021,,,PAR,100cm,"1,12",,"1,09",,,,,,,,,,
M10134 9MM,(cad.tear pol.9mm tub.c/duas almas ench),,01/09/2022,,,PAR,100cm,"1,36",,"1,32",,,,,,,,,,
M10144 6MM,(cad.tear pol.6mm tub.s/enchim.6AL-F),,04/04/2023,,,PAR,100cm,"0,84",,,,,,,,,,,,
M10145 7MM,(cad.tear 54fios reflexx tub.c/ench. 7mm tipo 6AL Asics),,02/04/2024,,,PAR,100cm,"0,96",,,,,,,,,,,,
M12020 8MM, (cad. Tear poliéster 8mm),,11/02/2021,,,PAR,100cm,"0,88",,"0,85",,,,,,,,,,
M12020 8MM,(Cad.tear fio pol. c/ponteira person.Oakley),,24/02/2026,,,PAR,100cm,"1,06",,"1,03",,,,,,,,,,
M12026,(cad.tear pol.chato tubular),,06/04/2022,,,PAR,100cm,"1,15",,"1,12",,,,,,,,,,
M12103 7MM,(cad.tear pol. Chata 7mm cores),,01/09/2022,,,PAR,100cm,"1,14",,"1,11",,,,,,,,,,
M12103 7MM,(cad.tear pol.7mm pont.personalizada),,01/09/2022,,,PAR,100cm,"1,38",,"1,34",,,,,,,,,,
M12109 8MM,(cad.tear pol. 8mm),,03/05/2021,,,PAR,100cm,"0,86",,"0,84",,,,,,,,,,
M12110 8MM,(cad.tear pol. 8mm cores),,27/07/2022,,,PAR,100cm,"1,18",,"1,14",,,,,,,,,,
M12119 10MM,(cad.tear Reflexx 10mm cores),,01/07/20224,,,PAR,100cm,"1,18",,"1,17",,,,,,,,,,
M12133 8MM,(fita 8mm tear pol.),,11/02/2021,,,PAR,100cm,,,"0,93",,,,,,,,,,
M12133 8MM,(fita 8mm tear pol. Pont.personalizada),,11/02/2021,,,PAR,100cm,,,"1,20",,,,,,,,,,
M12154 10MM,(cad.tear fio reflexx cores 10mm),,06/04/2022,,,PAR,100cm,"1,44",,"1,40",,,,,,,,,,
M12154 10MM,(desconto p/março 2024) (cad.tear fio reflexx cores 10mm),,06/03/2024,,(desconto p/março 2024),PAR,100cm,"1,23",,,,,,,,,,,,
M12156 6MM,(cad.tear pol.sarjado bicolor 6mm),,08/12/2021,,,PAR,100cm,"0,68",,"0,66",,,,,,,,,,
M12157 8MM,(cad.tear pol.tubular dese.sarjado fio aux.8mm),,02/05/2023,,,PAR,100cm,"1,44",,"1,40",,,,,,,,,,
M12158 10MM,(cad.tear pol.desenho V PUMA 10mm),,22/07/2022,,,PAR,100cm,"1,10",,"1,07",,,,,,,,,,
M12163 8MM,(cad.tear fio 30/2 fiado pol.cores 8mm ),,01/09/2022,,,PAR,100cm,"1,94",,"1,88",,,,,,,,,,
M12164 6MM,(cad.tear pol.brilhante 6mm Skechers),,18/09/2023,,,PAR,100cm,"1,24",,"1,20",,,,,,,,,,
M12169 6MM,(cad.tear 50fios Reflexx 6mm Asics),,16/09/2024,,,PAR,100cm,"0,89",,,,,,,,,,,,
M12174 8MM,(cad.tear fio reflexx 2x76/36KS SF 8mm OUS),,18/05/2023,,,PAR,100cm,"1,14",,,,,,,,,,,,
M12174 8MM,(desconto concedido 18/05/2023) (cad.tear fio reflexx 2x76/36KS SF 8mm OUS),,19/05/2023,,(desconto concedido 18/05/2023),PAR,100cm,"1,04",,,,,,,,,,,,
M12175 8MM,(cad.tear 64fios pol.Avanti preto/cru 8mm Mormaii),,06/12/2024,,,PAR,100cm,"0,64",,"0,62",,,,,,,,,,
M12175 8MM,(cad.tear 64fios pol.Avanti cores 8mm Mormaii),,06/12/2024,,,PAR,100cm,"0,69",,"0,67",,,,,,,,,,
M12183,(cad.tear 72fios pol. Chato ),,06/04/2026,,,PAR,100cm,"0,80",,,,,,,,,,,,
M12184,"(cad.tear 96fios pol.preto Avanti, e 80fios pol.cores W.Coast/Reebok)",,18/09/2025,,,PAR,100cm,"0,7",,,,,,,,,,,,
M21020 8MM, (cad.tear Reflexx 8mm preto/Cores Mormaii),,01/09/2022,, (cad.tear Reflexx 8mm preto/Cores Mormaii),PAR,100cm,"0,8",,"0,78",,,,,,,,,,
M21020 8MM,(com desconto concedido 29/08/2025 c/fios poli.importado Avanti),,05/12/2025,,(com desconto concedido 29/08/2025 c/fios poli.importado Avanti),PAR,100cm,"0,59",,"0,57",,,,,,,,,,
M21020 7MM,(cad.tear fio reflexx 7mm),,16/04/2024,,,PAR,100cm,"0,75",,"0,73",,,,,,,,,,
M21020 6MM,(cad.tear Reflexx 6mm preto/cores Mormaii),,01/09/2022,,(cad.tear Reflexx 6mm preto/cores Mormaii),PAR,100cm,"0,72",,"0,7",,,,,,,,,,
M21020 6MM,(com desconto 05/12/2024),,05/12/2024,,(com desconto 05/12/2024),PAR,100cm,"0,59",,"0,57",,,,,,,,,,
M21058,(cad.tear 64fios helanca c/12fios ligamento 72fios ench. Skechers),,29/04/2026,,,PAR,100cm,"1,64",,,,,,,,,,,,
M22007 6MM,(cad.tear pol. 6mm tubular s/enchim.),,01/09/2022,,,PAR,100cm,"0,92",,"0,9",,,,,,,,,,
M22007 6MM,(cad.tear pol.6mm tubular s/ench.c/ponteira Oakley),,01/09/2022,,,PAR,100cm,"1,2",,"1,16",,,,,,,,,,
M22013,(cad.tera poliester),,11/02/2021,,,PAR,100cm,,,"0,86",,,,,,,,,,
M22022 7MM,(cad.tear reflexx 7mm),,01/09/2022,,,PAR,100cm,"0,78",,"0,76",,,,,,,,,,
M22042 6MM,(cad.tear pol. 6mm c/um fio refletivo 1mm),,01/09/2022,,,PAR,100cm,"1,64",,,,,,,,,,,,
M22056 6MM,(cad.tear 6mm 34 fios pol.2x167/48 e 24 fios pol.brilhante 1x379/72),,02/12/2022,,,PAR,100cm,"1,28",,"1,24",,,,,,,,,,
M22057 6MM,(cad.tear 6mm 34 fios pol. 2x167/48 e 24 fios lurex),,28/01/2023,,,PAR,100cm,"1,5",,"1,46",,,,,,,,,,
M22064 7MM,(cad.tear pol.desenho V 7mm 90Fios),,26/09/2023,,,PAR,100cm,"1,28",,"1,24",,,,,,,,,,
M22064 8MM,(cad.tear pol.desenho V 8mm OUS),,26/07/2024,,,PAR,100cm,"1,62",,"1,57",,,,,,,,,,
M22064 9MM,(cad.tear pol.desenho V 9mm OUS),,26/07/2024,,,PAR,100cm,"1,82",,"1,77",,,,,,,,,,
M22064 10MM,(cad.tear pol.desenho V 10mm),,01/07/2024,,,PAR,100cm,"2,02",,"1,96",,,,,,,,,,
M22071 6MM,(cad.tear 56fios pol.Tubular impor.Avanti 6mm preto Mormaii),,04/07/2025,,(cad.tear 56fios pol.Tubular impor.Avanti 6mm preto Mormaii),PAR,100cm,"0,42",,,,,,,,,,,,
M22071 6MM,(cad.tear 57fios pol.tubular cores diversas 6mm Mormaii),,04/07/2025,,(cad.tear 57fios pol.tubular cores diversas 6mm Mormaii),PAR,100cm,"0,67",,,,,,,,,,,,
M22072 6MM,(cad.tear 56fios pol.Tubular impor.Avanti 6mm cores Mormaii),,04/07/2025,,,PAR,100cm,"0,67",,,,,,,,,,,,
M22072,(desconto conceddo 29/08/2025) (cad.tear 56fios pol.Tubular impor.Avanti 6mm cores Mormaii),,29/08/2025,,(desconto conceddo 29/08/2025),PAR,100cm,"0,59",,,,,,,,,,,,
J31116,(Fita cadarço Jacar fio POLIMP c/ escrita PUMA),,12/06/2023,,,PAR,100cm,"1,77",,,,,,,,,,,,
J31179,(Cad. Jacar 124fios POLIMP tub.c/ench. Multi cores OUS 7mm),,25/07/2025,,,PAR,100cm,"1,21",,,,,,,,,,,,
M41519 6MM,(Fita cadarço tear pol. Tubular s/ ench.bicolor),,01/07/2024,,,PAR,100cm,"1,49",,,,,,,,,,,,
M41519 8MM,(Fita cadarço tear pol. Tubular s/ ench.bicolor),,28/08/2023,,,PAR,100cm,"1,80",,,,,,,,,,,,
M6034,(cad.tranç.48f.fio 30/2 fiado pol. Puma),,06/04/2022,,,PAR,100cm,"1,63",,,,,,,,,,,,
M6034,(desconto p/março 2024) (cad.tranç.48f.fio 30/2 fiado pol. Puma),,06/03/2024,,(desconto p/março 2024),PAR,100cm,"1,48",,,,,,,,,,,,
M6061,(cad.tranc. 32fu.algodão encerado),,11/02/2021,,,PAR,100cm,"1,94",,,,,,,,,,,,
M6053,(cad.tranç.32fu.algodão encerado),,11/02/2021,,,PAR,100cm,"2,27",,,,,,,,,,,,
M6087 8MM,(cad.tranç.40fu.fio 30/2 cores 8mm),,06/04/2022,,,PAR,100cm,"1,30",,"1,26",,,,,,,,,,
M6095,(cad.tranç.48fu.fio 30/2 pol.engomado),,16/11/2021,,,PAR,100cm,"1,68",,"1,64",,,,,,,,,,
M8081 7MM,(cad.tear 58 fios 30/2 fiado pol.7mm),,01/02/2022,,,PAR,100cm,"1,48",,"1,44",,,,,,,,,,
M60113,(cad.tranç.48fu.fio 24/2 algodão tingido),,24/11/2022,,,PAR,100cm,"2,49",,,,,,,,,,,,
M60116,(cad.tranç.32fu.fio 30/2 bicolor),,31/03/2023,,,PAR,100cm,"1,69",,,,,,,,,,,,
M60124,(cad.tranç.48f. 3fios p/esp. 30/2 cores Mormaii),,14/10/2024,,,PAR,100cm,"1,92",,,,,,,,,,,,
M9043,"(cordão tranç.16fu.pol. 2,0mm)",,01/09/2022,,,METRO,,"0,39",,,,,,,,,,,,
M9074,(cordão tranç.16fu.pol.),,01/09/2022,,,METRO,,"0,49",,,,,,,,,,,,
3000/2-32,(cad.tranç.32fus.pol. Cores),,16/02/2023,,,PAR,100cm,"1,46",,"1,42",,,,,,,,,,
3000/2-32,(cad.tr.32f.pont.personaliz),,11/02/2021,,,PAR,100cm,,,"1,76",,,,,,,,,,
3000/2-32,(tranç.32f.redondo pol. p/mt,,11/02/2021,,,METRO,,"0,72",,"0,70",,,,,,,,,,
3000/6,(cad.tranç.32fu.redondo pol.c/enchim.bicolor),,24/04/2023,,,PAR,100cm,"1,18",,,,,,,,,,,,
4000/4 3.3,"(tranç,32fu.pol.)",,01/09/2022,,,PAR,100cm,"1,24",,"1,20",,,,,,,,,,
M13009,(cad.tranç.32fu.pol.redondo Personalizado),,10/11/2021,,,PAR,100cm,"1,58",,"1,54",,,,,,,,,,
M13009,(cad.tranç.32fu.pol.redondo pont.Lisa),,10/11/2021,,,PAR,100cm,"1,30",,"1,26",,,,,,,,,,
M13031,(cad.tranç.32fu.pol. Bicolor pontilhado),,12/07/2021,,,PAR,100cm,"1,26",,"1,22",,,,,,,,,,
M13031,(cad.tranç.32fu.pol.pont. Personalizada),,12/07/2021,,,PAR,100cm,"1,52",,"1,48",,,,,,,,,,
M13096,(cad.tranc.16fus.pol),,11/02/2021,,,PAR,100cm,"1,18",,"1,14",,,,,,,,,,
M13096,(cad.tr.16f.pont.personalizada),,11/02/2021,,,PAR,100cm,,,"1,48",,,,,,,,,,
M13119,(cad.tranç.32fus.pol),,01/08/2022,,,PAR,100cm,"1,06",,"1,03",,,,,,,,,,
M13466,(cad.tranç.32fu.pol. Bicolor),,24/02/2021,,,PAR,100cm,"1,30",,"1,26",,,,,,,,,,
M13473,(cad.tranç.32fu.pol. Bicolor),,07/07/2021,,,PAR,100cm,"1,06",,"1,03",,,,,,,,,,
M13477,(cad.tranç.32fu.pol.bicolor),,11/02/2021,,,PAR,100cm,"0,68",,"0,66",,,,,,,,,,
M13501,(cad.tranç.32fu. Pol.bicolor redondo),,18/08/2022,,,PAR,100cm,"1,6",,"1,55",,,,,,,,,,
M13501,(cad.tranç.32fu. Pol.bicolor redondo),,18/08/2022,,,PAR,100cm,"1,92",,"1,86",,,,,,,,,,
M13514,(cad.tranç.32fu.2fios pol./espula bicolor redondo c/ench.),,27/02/2024,,,PAR,100cm,"1,1",,"1,07",,,,,,,,,,
M13552,(cad.tranç.32fu.redondo bicolor c/ench.4mm),,01/09/2022,,,PAR,100cm,"1,24",,"1,20",,,,,,,,,,
M13557,(cad.tranç.32fu.pol.pont.lisa 7mm c/ench.),,01/09/2022,,,PAR,100cm,"1,09",,"1,06",,,,,,,,,,
M13557,(cad.tranç.32fu.pol.pont.personal.7mm c/ench),,01/09/2022,,,PAR,100cm,"1,52",,"1,48",,,,,,,,,,
M13583,(cad.tranç.32fus.pol. Bicolor 3fios espula),,31/03/2022,,,PAR,100cm,"1,78",,"1,73",,,,,,,,,,
M13597,(cad.tranç.32fu.pol.bicolor 6mm Oakley),,11/01/2023,,,PAR,100cm,"0,81",,,,,,,,,,,,
M13641,(cad.tranç.32fus.pol.cores 2fios espula),,01/04/2022,,,PAR,100cm,"0,92",,"0,89",,,,,,,,,,
M13647,(cad.tranç.32fu.pol. Bicolor c/detalhe),,23/02/2022,,,PAR,100cm,"1,58",,"1,53",,,,,,,,,,
M13655,"(cad.tranç.32fus.pol.c/um fio reflet.0,5mm)",,01/09/2022,,,PAR,100cm,"1,90",,"1,85",,,,,,,,,,
M13695,(cad.tranç.32fu.po.bicolor 2fios p/esp.),,19/11/2021,,,PAR,100cm,"0,82",,"0,80",,,,,,,,,,
M13698,"(cad.tranç.32f.pol.redon.c/um fio refle.0,5mm)",,27/06/2022,,,PAR,100cm,"2,3",,"2,24",,,,,,,,,,
M13705,(cad.tranç.32fu.pol.redon.c/ench.2fios p/esp.,,23/03/2022,,,PAR,100cm,"1,68",,"1,63",,,,,,,,,,
M13736,(cad.tranç.32fu.pol.c/reflerivo),,27/06/2023,,,PAR,100cm,"1,78",,,,,,,,,,,,
M13738,(cad.tranç.32fu.pol.3fios p/espula),,04/08/2023,,,PAR,100cm,"1,38",,,,,,,,,,,,
M15033,(cad.tranç.48fus.pol.),,01/09/2022,,,PAR,100cm,"1,43",,"1,39",,,,,,,,,,
M15033,(desconto p/março 2024) (cad.tranç.48fus.pol.),,06/03/2024,,(desconto p/março 2024),PAR,100cm,"1,36",,,,,,,,,,,,
M15033,(cad.tranç.48fus.pol.bco/preto),,01/09/2022,,,PAR,100cm,"1,60",,"1,55",,,,,,,,,,
M15033,(desconto p/março 2024) (cad.tranç.48fus.pol. Cores) (cad.tranç.48fus.pol.bco/preto),,06/03/2024,,(desconto p/março 2024) (cad.tranç.48fus.pol. Cores),PAR,100cm,"1,36",,,,,,,,,,,,
M15051,,,01/09/2022,,,PAR,100cm,"1,34",,"1,30",,,,,,,,,,
M15051,(desconto p/março 2024) (cad.tranç.48fus.pol.preto/branco),,06/03/2024,,(desconto p/março 2024) (cad.tranç.48fus.pol.preto/branco),PAR,100cm,"1,24",,,,,,,,,,,,
M15051P,,,01/09/2022,,,PAR,100cm,"1,52",,"1,47",,,,,,,,,,
M15051P,(cad.tranç.48fu.pol.cru sublimado dois lados),,07/04/2022,,(cad.tranç.48fu.pol.cru sublimado dois lados),PAR,100cm,"1,88",,,,,,,,,,,,
M15051/P,(cad.tranç.48fu.pol.cru sublimado dois lados),,07/04/2022,,(cad.tranç.48fu.pol.cru sublimado dois lados),PAR,100cm,"1,88",,,,,,,,,,,,
M15051/P,,,01/09/2022,,,PAR,100cm,"1,52",,"1,47",,,,,,,,,,
M15055,(cad.tranç.48f. Pol cores diversas),,01/09/2022,,(cad.tranç.48f. Pol cores diversas),PAR,100cm,"1,32",,"1,28",,,,,,,,,,
M15055P,(cad.tranç.48fu.pol. Preto/branco),,01/09/2022,,(cad.tranç.48fu.pol. Preto/branco),PAR,100cm,"1,42",,"1,38",,,,,,,,,,
M15055/P,(cad.tranç.48fu.pol. Preto/branco),,01/09/2022,,(cad.tranç.48fu.pol. Preto/branco),PAR,100cm,"1,42",,"1,38",,,,,,,,,,
M15095,(cad.tranç.48fu.pol. 10mm),,15/02/2022,,,PAR,100cm,"1,56",,"1,51",,,,,,,,,,
M15095,(desconto p/março 2024) (cad.tranç.48fu.pol. 10mm),,06/03/2024,,(desconto p/março 2024),PAR,100cm,"1,40",,,,,,,,,,,,
M15097,(cad.tranç.48f.pol.10mm desenho X Puma),,11/03/2022,,,PAR,100cm,"1,62",,"1,57",,,,,,,,,,
M15097,(desconto p/março 2024) (cad.tranç.48f.pol.10mm desenho X Puma),,06/03/2024,,(desconto p/março 2024),PAR,100cm,"1,46",,,,,,,,,,,,
M15099,(cad.tranç.48fu 3e4fios pol. p/espula 18mm Mormaii),,22/05/2024,,,PAR,100cm,"2,90",,,,,,,,,,,,
M15099,(com desconto concedido 11/04/2025) (cad.tranç.48fu 3e4fios pol. p/espula 18mm Mormaii),,11/04/2025,,(com desconto concedido 11/04/2025),PAR,100cm,"2,5",,,,,,,,,,,,
M15099,(cad.tranç.48f.pol.4fios p/espula c/pont.personalizada),,22/05/2024,,,PAR,100cm,"3,05",,,,,,,,,,,,
M15100,(cad.tranç.48f.pol.18mm cores PUMA),,28/02/2023,,,PAR,100cm,"2,44",,"2,37",,,,,,,,,,
M15102,(cad.tranç.48fu. 2 e 1fios p/esp.poliéster 8MM Lacoste),,22/11/2024,,,PAR,100cm,"0,96",,,,,,,,,,,,
M15105,(cad.tranç.48fu.pol.c/detalhe M15051),,11/04/2023,,,PAR,100cm,"1,37",,,,,,,,,,,,
M15111,(Cad.tranç.48fu.4fios pol. p/espula Puma),,08/01/2025,,,PAR,100cm,"2,04",,,,,,,,,,,,
M15114,(cad.tranç.48fu.4fios pol.p/esp.bicolor Mormaii),,11/04/2025,,,PAR,100cm,"2,05",,,,,,,,,,,,
M15115,(cad.tranç.48fu.4fios pol.p/esp.18mm bicolor Mormaii pont.colorida),,11/04/2025,,,PAR,100cm,"2,15",,,,,,,,,,,,
M15116,(cad.tranç.48fu.4fios pol.p/esp.18mm monocolor Mormaii pont.colorida,,11/04/2025,,,PAR,100cm,"2,15",,,,,,,,,,,,
M15117,(cad.tranç.48fu.3fios p/espula pol. 12mm Reebok),,24/06/2025,,,PAR,100cm,"1,83",,,,,,,,,,,,
M16063,(cad.tran.16fu.pol.ponto traba.),,01/09/2022,,,PAR,100cm,"1,27",,"1,23",,,,,,,,,,
M16063,(com ponteira personalizada),,01/09/2022,,,PAR,100cm,"1,73",,"1,68",,,,,,,,,,
M16150,(cad.tranç.16fu.4fios pol.p/espula c/ench.ponti. OUS),,24/07/2024,,,PAR,100cm,"1,38",,,,,,,,,,,,
M16165,(cad.tranç.16fu.pol.),,11/02/2021,,,PAR,100cm,,,"0,75",,,,,,,,,,
M16214,(cad.tranç.17fusos 2fios pol.p/espula 6mm Mormaii),,03/02/2026,,,PAR,100cm,"0,72",,,,,,,,,,,,
M18006,(cad.tranç.32fus.pol. Cores),,01/09/2022,,,PAR,100cm,"1,16",,"1,13",,,,,,,,,,
M18006,(cad.tranç.32fus.pol.prt/branco),,01/09/2022,,,PAR,100cm,"1,32",,"1,28",,,,,,,,,,
MR,(fita vivo fio PET M4168 10mm),,15/03/2022,,,METRO,10mm,"0,91",,,,,,,,,,,,
MR140.001,(cad.tranç.48fu.PET 8mm M6087),,27/10/2022,,,PAR,100cm,"1,42",,,,,,,,,,,,
MR140.003,(cad.tranç.48fu. PET cores 8mm M15033),,16/05/2022,,,PAR,100cm,"1,90",,,,,,,,,,,,
MR140.003,(cad.tranç.48fu.PET cores 6mm M15033),,16/05/2022,,,PAR,100cm,"1,75",,,,,,,,,,,,
MR140.007,(cad.tranç.48fu.fio PET 8mm M15055),,28/06/2024,,,PAR,100cm,"1,52",,"1,47",,,,,,,,,,
MR140.015,(cad.tranç.48fu.fio PET 15mm cores Puma),,24/04/2023,,,PAR,100cm,"2,98",,,,,,,,,,,,
MR140.018,(cad.tranç.48fu 2fios p/esp.PET Puma M15051),,24/09/2024,,,PAR,100cm,"1,46",,,,,,,,,,,,
MR140.021,(cad.tranç.48fu 3fios PET p/espula Lacoste M15097),,23/06/2025,,,PAR,100cm,"1,56",,,,,,,,,,,,
MR130.001,(cad.tranç.32f.fio PET cores Puma),,29/03/2022,,,PAR,100cm,"1,6",,,,,,,,,,,,
MR130.001,(desconto p/março 2024) (cad.tranç.32f.fio PET cores Puma),,06/03/2024,,(desconto p/março 2024),PAR,100cm,"1,36",,,,,,,,,,,,
MR130.002,(cad.tranç.32fu.fio PET 6mm M13119),,29/03/2022,,,PAR,100cm,"1,1",,"1,07",,,,,,,,,,
MR130.016,(cad.tranç.32fu.fio PET 6mm PUMA M18006),,01/07/2024,,,PAR,100cm,"1,33",,,,,,,,,,,,
MR110.001,(cad.tear PET tubular 6mm M10046),,28/06/2024,,,PAR,100cm,"1,21",,"1,18",,,,,,,,,,
MR110.017,(cad.tear 76fios PET 10mm cores M12154),,24/10/2024,,,PAR,100cm,"1,18",,"1,15",,,,,,,,,,
MR110.018,(Cad.tear PET tubular 8mm c/2almas ench. PUMA),,11/10/2023,,,PAR,100cm,"1,98",,"1,92",,,,,,,,,,
MR110.019,(Cad.tear PET tubular 8mm c/3almas ench. PUMA),,01/02/2024,,,PAR,100cm,"2,08",,"2,02",,,,,,,,,,
MR110.027,(cad.tear 64fios PET tub. 8mm c/2almas ench.pol.PUMA),,22/11/2024,,,PAR,100cm,"1,27",,,,,,,,,,,,
MR130.029,(cad.tranç.32fu.2fios PET p/espu. 6mm c/pont.retangular PUMA),,18/09/2025,,,PAR,100cm,"1,1",,,,,,,,,,,,
Fio poliéster 2x167/48,(conicalado em tubetes padrão) (linha galoneira),,06/07/2022,,(conicalado em tubetes padrão),KG,,"58,00",,,,,,,,,,,,
LINHA COSTURA GALONEIRA,(conicalado em tubetes padrão),,06/07/2022,,(conicalado em tubetes padrão),KG,,"58,00",,,,,,,,,,,,
Guiné,(fita),,01/09/2022,,,METRO,12mm,"1,04",,"1,01",,,,,,,,,,
MFGEL,(fita tear 132fios helanca cores Oakley),,06/12/2024,,,METRO,10mm,"1,1",,,,,,,,,,,,
MDP/2P,(fita tear fio POLIMP reforçado),,19/02/2021,,,METRO,15mm,"0,58",,"0,56",,,,,,,,,,
MFG,(fita tear pol.),,01/09/2022,,,METRO,12mm,"0,40",,"0,39",,,,,,,,,,
MFG,(fita tear pol.c/goma),,01/09/2022,,,METRO,12mm,"0,46",,"0,45",,,,,,,,,,
MFG,(fita tear pol.),,01/09/2022,,,METRO,15mm,"0,50",,"0,49",,,,,,,,,,
MFG,(fita tear pol.c/goma),,01/09/2022,,,METRO,15mm,"0,58",,"0,56",,,,,,,,,,
MFG,(fita tear pol.c/goma),,01/09/2022,,,METRO,25mm,"0,96",,"0,93",,,,,,,,,,
MFP,(fita tear poliester),,11/02/2021,,,METRO,10mm,"0,55",,"0,53",,,,,,,,,,
MFP,(fita tear poliester),,11/02/2021,,,METRO,12mm,"0,66",,"0,64",,,,,,,,,,
MFP,(fita tear poliester),,11/02/2021,,,METRO,15mm,"0,82",,"0,80",,,,,,,,,,
MFP,(fita tear poliester),,11/02/2021,,,METRO,16mm,"0,88",,"0,85",,,,,,,,,,
MFP,(fita tear poliester),,11/02/2021,,,METRO,18mm,"0,99",,"0,96",,,,,,,,,,
MFP,(fita tear poliester),,11/02/2021,,,METRO,20mm,"1,10",,"1,07",,,,,,,,,,
MFGP,(fita tear pol.),,25/01/2021,,,METRO,6mm,"0,34",,"0,33",,,,,,,,,,
MFGP,(fita tear pol. c/goma,,25/01/2021,,,METRO,6mm,"0,41",,"0,40",,,,,,,,,,
MFGP,(fita pol.6mm ponteirado),,29/12/2020,,,PAR,100cm,,,"0,67",,,,,,,,,,
MFGP,(fita tear pol.c/goma),,25/01/2021,,,METRO,8mm,"0,43",,"0,42",,,,,,,,,,
MFGP,(fita tear pol.s/goma),,25/01/2021,,,METRO,10mm,"0,54",,"0,52",,,,,,,,,,
MFGP,(fita tear pol.c/goma),,25/01/2021,,,METRO,10mm,"0,68",,"0,66",,,,,,,,,,
MFGP,(fita tear pol.s/goma),,25/01/2021,,,METRO,12mm,"0,65",,"0,63",,,,,,,,,,
MFGP,(fita tear pol.c/goma),,25/01/2021,,,METRO,12mm,"0,82",,"0,80",,,,,,,,,,
MFGP,(fita tear pol.s/goma),,25/01/2021,,,METRO,14mm,"0,76",,"0,74",,,,,,,,,,
MFGP,(fita tear pol.c/goma),,25/01/2021,,,METRO,14mm,"0,95",,"0,92",,,,,,,,,,
MFGP,(fita tear pol.),,25/01/2021,,,METRO,15mm,"0,77",,"0,75",,,,,,,,,,
MFGP,(fita tear pol.c/goma),,25/01/2021,,,METRO,15mm,"1,02",,"0,99",,,,,,,,,,
MFGP,(fita tear pol.s/goma),,25/01/2021,,,METRO,18mm,"0,92",,"0,89",,,,,,,,,,
MFGP,(fita tear pol.c/goma),,25/01/2021,,,METRO,18mm,"1,22",,"1,18",,,,,,,,,,
MFGP,(fita tear pol.),,25/01/2021,,,METRO,20mm,"1,08",,"1,05",,,,,,,,,,
MFGP,(fita tear pol.c/goma),,25/01/2021,,,METRO,20mm,"1,36",,"1,32",,,,,,,,,,
MFGP,(fita tear pol. Normal),,25/01/2021,,,METRO,25mm,"1,35",,"1,31",,,,,,,,,,
MFGP,(fita tear pol.),,25/01/2021,,,METRO,28mm,"1,51",,"1,46",,,,,,,,,,
MFGP,(fita tear pol.),,25/01/2021,,,METRO,36mm,"1,94",,"1,88",,,,,,,,,,
M3118/2,(fita pol.tear trab.),,10/11/2021,,,METRO,15mm,"0,88",,"0,85",,,,,,,,,,
M3118/2,(fita pol.tear trab.),,10/11/2021,,,METRO,10mm,"0,60",,"0,58",,,,,,,,,,
M3118/2,(fita pol.tear trab.),,10/11/2021,,,METRO,8mm,"0,50",,"0,59",,,,,,,,,,
M3225,(fita tear pol.),,11/02/2021,,,METRO,15mm,,,"0,50",,,,,,,,,,
M3225,(fita tear pol.),,11/02/2021,,,METRO,20mm,,,"0,67",,,,,,,,,,
M4028,(fita tear pol.),,11/02/2021,,,METRO,8mm,,,"0,44",,,,,,,,,,
M4028,(fita tear pol.),,11/02/2021,,,METRO,10mm,,,"0,55",,,,,,,,,,
M4068T2,(fita pol. Cores duas tramas),,21/03/2022,,,METRO,15mm,"0,70",,"0,53",,,,,,,,,,
M4068,(fita pol.cores uma trama),,21/03/2022,,,METRO,15mm,"0,56",,,,,,,,,,,,
M4139,(fita tear fio Helanca cores S/Goma),,31/07/2024,,,METRO,8mm,"0,92",,,,,,,,,,,,
M4139,(fita tear fio Helanca cores S/Goma),,31/07/2024,,,METRO,15mm,"1,64",,,,,,,,,,,,
M4139,(fita tear fio Helanca cores C/Goma),,31/07/2024,,,METRO,8mm,"1,05",,,,,,,,,,,,
M4139,(fita helanca cores 120fios c/goma),,18/10/2023,,,METRO,15mm,"1,88",,,,,,,,,,,,
M4140,(fita pol.tear ),,11/02/2021,,,METRO,12mm,"0,67",,,,,,,,,,,,
M4140,(fita pol.tear c/refletivo 3mm),,11/02/2021,,,METRO,12mm,"2,18",,,,,,,,,,,,
M4140,(fita pol.tear c/refletivo 3mm),,11/02/2021,,,METRO,15mm,"0,84",,,,,,,,,,,,
M4140,(fita pol.tear c/refletivo 3mm),,11/02/2021,,,METRO,15mm,"2,25",,,,,,,,,,,,
M4140,( c/desconto para Mormaii e c/goma) (fita pol.tear c/refletivo 3mm),,18/11/2025,,( c/desconto para Mormaii e c/goma),METRO,15mm,"2,18",,,,,,,,,,,,
M4140,(fita pol.tear c/refletivo 15mm),,11/02/2021,,,METRO,15mm,"6,50",,,,,,,,,,,,
M4175,(fita tear pol.c/ 2 fios refletivo 1mm),,09/06/2021,,,METRO,12mm,"1,88",,,,,,,,,,,,
M17038,(fita tear fio poliamida liso tingida),,30/06/2021,,,METRO,12mm,"0,95",,,,,,,,,,,,
M31109,(fita tear pol.bicolor Skechers),,18/04/2024,,,METRO,12mm,"1,50",,"1,46",,,,,,,,,,
M31110,(fita tear pol.bicolor em V c/goma),,20/11/2023,,,METRO,12mm,"1,14",,"1,11",,,,,,,,,,
M31110,(fita tear pol.bicolor em V c/goma),,08/07/2024,,,METRO,15mm,"1,44",,"1,40",,,,,,,,,,
M31113,(fita tear 132fios pol. c/goma Lacoste),,16/06/2025,,,METRO,15mm,"1,12",,,,,,,,,,,,
M31116,(fita tear 60fios pol. Bicolor Ous),,16/12/2024,,,METRO,8mm,"0,48",,"0,47",,,,,,,,,,
M31127,(Fita tear 128fios pol.c/bordas 3mmbicolor OUS s/goma),,26/08/2024,,,METRO,20mm,"1,05",,"1,02",,,,,,,,,,
M31127,(fita tear 128fios pol.c/broda 3mm bicolocr OUS c/goma),,22/05/2025,,,METRO,20mm,"1,15",,,,,,,,,,,,
M32107,(fita pol.tear),,01/09/2022,,,METRO,6mm,"0,46",,"0,45",,,,,,,,,,
M32107,(fita pol.tear),,01/09/2022,,,METRO,8mm,"0,60",,"0,58",,,,,,,,,,
M32107,(fita pol.tear),,01/09/2022,,,METRO,10mm,"0,74",,"0,72",,,,,,,,,,
M32107,(fita pol.tear c/goma),,01/09/2022,,,METRO,10mm,"0,93",,"0,90",,,,,,,,,,
M32107,(fita pol.tear s/goma),,01/09/2022,,,METRO,12mm,"0,88",,"0,85",,,,,,,,,,
M32107,(fita pol.tear c/goma),,01/09/2022,,,METRO,12mm,"1,12",,"1,09",,,,,,,,,,
M32107,(fita pol.tear s/goma),,01/09/2022,,,METRO,14mm,"1,04",,"1,01",,,,,,,,,,
M32107,(fita pol.tear c/goma),,01/09/2022,,,METRO,14mm,"1,29",,"1,25",,,,,,,,,,
M31107,(fita pol.tear s/goma),,01/09/2022,,,METRO,15mm,"1,11",,"1,08",,,,,,,,,,
M32107,(fita pol.tear c/goma),,01/09/2022,,,METRO,15mm,"1,39",,"1,35",,,,,,,,,,
M32107,(fita pol.tear c/goma),,01/09/2022,,,METRO,20mm,"1,82",,"1,77",,,,,,,,,,
M32107,(fita pol.tear c/goma),,01/09/2022,,,METRO,22mm,"2,05",,"1,99",,,,,,,,,,
M32107,(fita pol.tear c/goma),,18/04/2024,,,METRO,25mm,"2,32",,"2,25",,,,,,,,,,
M32107,(fita pol.tear c/goma),,01/09/2022,,,METRO,30mm,"2,79",,"2,71",,,,,,,,,,
M32148,(fita pol.tear c/2 fio reflet. Nylon trama,,11/02/2021,,,METRO,16mm,"3,20",,,,,,,,,,,,
M32152,(fita tear 76fios pol. Sarjada N c/goma Calvin Klein),,13/06/2024,,,METRO,12mm,"0,62",,,,,,,,,,,,
M32152,(fita tear pol.c/refletivo 6mm aplicado),,19/04/2022,,,METRO,12mm,"3,18",,,,,,,,,,,,
M32152,(fita tear pol.c/refletivo 3mm aplicado),,19/04/2022,,,METRO,10mm,"2,25",,,,,,,,,,,,
M32158,(fita pol.tear c/2 fios reflet.2mm),,23/06/2021,,,METRO,16mm,"3,10",,,,,,,,,,,,
M32171,(fita pol.tear cores),,11/02/2021,,,METRO,20mm,"0,90",,"0,87",,,,,,,,,,
M32182,(fita pol.tear bicolor c/goma),,01/09/2022,,,METRO,15mm,"1,15",,"1,12",,,,,,,,,,
M32190,(fita pol.tear c/goma),,01/09/2022,,,METRO,10mm,"0,65",,"0,63",,,,,,,,,,
M32190,(fita pol. Tear cores c/goma,,01/09/2022,,,METRO,15mm,"0,98",,"0,95",,,,,,,,,,
M32190,(fita pol.tear c/goma),,01/09/2022,,,METRO,12mm,"0,78",,"0,76",,,,,,,,,,
M32190,(fita tear pol. S/goma),,01/09/2022,,,METRO,18mm,"1,06",,"1,03",,,,,,,,,,
M32199,(fita tear pol.c/lurex centro des.em V),,01/09/2022,,,METRO,12mm,"0,83",,"0,81",,,,,,,,,,
M32206,(fita tear pol. Cores 126 fios dupla face c/goma),,18/10/2023,,,METRO,15mm,"1,10",,"1,08",,,,,,,,,,
M32225,(fita tear pol.c/pesponto central c/goma),,17/05/2023,,,METRO,10mm,"0,57",,"0,55",,,,,,,,,,
M32237,(fita tear 136fios pol.meia fita cada cor Mormaii c/goma),,12/05/2025,,,METRO,20mm,"0,96",,,,,,,,,,,,
J31048,(fita pol.jacquard desenhad),,30/03/2022,,,METRO,12mm,"0,92",,,,,,,,,,,,
J31081,(fita pol.jacquard c/det.),,30/03/2022,,,METRO,15mm,"1,15",,,,,,,,,,,,
J31081,(fita pol.jacquard c/det.),,30/03/2022,,,METRO,20mm,"1,54",,,,,,,,,,,,
J31124,(fita tear jacard pol.calandrada),,18/07/2022,,,METRO,12mm,"1,38",,,,,,,,,,,,
J31149,(fita tear jacard pol. Bicolor ),,29/07/2024,,,METRO,16mm,"1,54",,,,,,,,,,,,
J31166,(fita tear 126fios pol.tricolor Skechers),,05/08/2024,,,METRO,12mm,"0,98",,,,,,,,,,,,
M32202,(fita tear pol.c/goma),,01/09/2022,,,METRO,20mm,"1,36",,"1,32",,,,,,,,,,
M41104,(fita tear polimp),,11/02/2021,,,METRO,15mm,"0,48",,"0,47",,,,,,,,,,
M41443,(fita tear pol. c/goma),,01/09/2022,,,METRO,15mm,"1,46",,"1,42",,,,,,,,,,
M41443,(fita tear pol.c/goma),,01/09/2022,,,METRO,18mm,"1,76",,"1,71",,,,,,,,,,
M41443,(fita tear pol.c/goma),,01/09/2022,,,METRO,30mm,"2,92",,"2,84",,,,,,,,,,
M41443,(fita tear pol. 280f),,11/02/2021,,,METRO,20mm,,,"1,43",,,,,,,,,,
M41443,(fita tear pol. 280f),,11/02/2021,,,METRO,27mm,,,"1,93",,,,,,,,,,
M41443,(fita tear pol. 280f),,11/02/2021,,,METRO,35mm,,,"2,50",,,,,,,,,,
M41446,(fita tear poliéster normal),,11/02/2021,,,METRO,15mm,,,"0,98",,,,,,,,,,
M41446,(fita pol c/goma),,11/02/2021,,,METRO,15mm,,,"1,27",,,,,,,,,,
M41464,(fita pol.dupla face ),,11/02/2021,,,METRO,15mm,,,"0,75",,,,,,,,,,
M41465,(fita vivo tear pol.cores),,01/09/2022,,,METRO,9mm,"0,55",,"0,53",,,,,,,,,,
M41466,(fita pol.bandeira Itália),,11/02/2021,,,METRO,20mm,,,"0,97",,,,,,,,,,
M41480,(fita pol.des.quadriculado),,11/02/2021,,,METRO,15mm,"0,62",,"0,60",,,,,,,,,,
M41505,(fita tear 174fios Polimp bicolor Skechers),,20/01/2025,,,METRO,15mm,"0,83",,,,,,,,,,,,
M41533,(fita tear 64fios pol.c/borda saliente c/goma Skechers),,29/08/2023,,,METRO,12mm,"0,88",,,,,,,,,,,,
M41535,(fita tear pol.c/refletivo 6mm MFGP),,27/03/2023,,,METRO,12mm,"2,52",,,,,,,,,,,,
M41543,(fita tear 132fios pol.calandrada Skechers),,02/07/2024,,,METRO,10mm,"0,68",,,,,,,,,,,,
M41543,(fita tear 132fios pol.calandrada Skechers),,02/07/2024,,,METRO,12mm,"0,78",,,,,,,,,,,,
M41543,(fita tear 132fios pol.calandrada Skechers),,02/07/2024,,,METRO,15mm,"0,94",,,,,,,,,,,,
M41559,(fita tear 68fios pol.+56fios brilh.c/fio auxiliar Skechers),,03/12/2025,,,METRO,15mm,"1,15",,,,,,,,,,,,
MR100.001,(fita tear FIO PET C/goma M32190),,30/07/2024,,,METRO,10mm,"0,70",,,,,,,,,,,,
MR100.001,(fita tear FIO PET C/goma M32190),,30/07/2024,,,METRO,12mm,"0,84",,,,,,,,,,,,
MR140.041,(fita tear 168 fios PET c/goma Puma),,24/06/2025,,,METRO,25mm,"1,32",,,,,,,,,,,,
MER,(elást.redondo tranç.),,12/04/2022,,,METRO,3mm,"0,78",,"0,76",,,,,,,,,,
MER,(elást.redondo tranç. Ponteirado ),,12/04/2022,,,PAR,14cm,"0,28",,,,,,,,,,,,
MEXP,(elást.export.tear c/12fios pol./4bor.28 cores),,04/04/2024,,,METRO,5mm,"0,58",,,,,,,,,,,,
MEXP,(elást.export.tear c/12fios pol./4bor.28 cores),,04/04/2024,,,METRO,6mm,"0,69",,,,,,,,,,,,
MTM,(elástico tear.pol.),,11/02/2021,,,METRO,5mm,"0,70",,"0,68",,,,,,,,,,
MTM,(elástico tear.pol.),,11/02/2021,,,METRO,6mm,"0,84",,"0,81",,,,,,,,,,
MTM,(elást.tear pol),,11/02/2021,,,METRO,10mm,"1,49",,"1,35",,,,,,,,,,
MTM,(elást.tear pol.normal),,04/04/2023,,,METRO,12mm,"1,80",,,,,,,,,,,,
MTM,(elást.tear pol.normal),,24/06/2024,,,METRO,15mm,"2,25",,,,,,,,,,,,
MTM,(elást.tear pol.normal),,11/02/2021,,,METRO,18mm,"2,43",,"2,35",,,,,,,,,,
MTM,(elást.tear pol.normal),,11/02/2021,,,METRO,20mm,"2,50",,"2,43",,,,,,,,,,
MTM,(elást.tear pol.c/goma),,11/02/2021,,,METRO,20mm,"3,25",,"3,15",,,,,,,,,,
MTM,(elast.tear pol.normal),,11/02/2021,,,METRO,25mm,"3,13",,"3,04",,,,,,,,,,
MTM,(elást.tear pol.c/goma),,11/02/2021,,,METRO,25mm,"4,07",,"3,95",,,,,,,,,,
MTM,(elást.tear pol. Normal),,11/02/2021,,,METRO,30mm,"3,75",,"3,64",,,,,,,,,,
MTM,(elást.tear pol. c/goma),,11/02/2021,,,METRO,30mm,"4,88",,"4,73",,,,,,,,,,
MTM,(elást.tear pol.c/goma),,11/02/2021,,,METRO,32mm,"5,20",,"5,04",,,,,,,,,,
MTM,(elást.tear pol. Normal),,11/02/2021,,,METRO,35mm,"4,38",,"4,25",,,,,,,,,,
MTM,(elást.tear pol.c/goma),,11/02/2021,,,METRO,35mm,"5,69",,"5,52",,,,,,,,,,
MTM,(elást.tear sublim. 2 lados borracha fina),,11/02/2021,,,METRO,35mm,"8,24",,,,,,,,,,,,
MTM,(elast.tear pol.c/goma),,11/02/2021,,,METRO,38mm,"6,17",,"5,98",,,,,,,,,,
MTM,(elást.tear pol. Normal),,11/02/2021,,,METRO,40mm,"5,00",,"4,85",,,,,,,,,,
MTM,(elást.tear pol.c/goma),,11/02/2021,,,METRO,40mm,"6,50",,"6,30",,,,,,,,,,
MTM,(elást. Tear pol.normal),,11/02/2021,,,METRO,50mm,"6,25",,,,,,,,,,,,
MTM,(elást.tear pol.normal),,11/02/2021,,,METRO,55mm,"6,90",,,,,,,,,,,,
MTM,(elásti.tear pol.normal),,11/02/2021,,,METRO,60mm,"7,52",,,,,,,,,,,,
MTM,(elástico tear pol.),,11/02/2021,,,METRO,65mm,"8,12",,,,,,,,,,,,
MTM,(elas.tear pol.c/goma,,11/02/2021,,,METRO,70mm,"10,50",,,,,,,,,,,,
MTM,(elástico ter pol. c/Goma,,11/02/2021,,,METRO,80mm,"12,00",,,,,,,,,,,,
MTM,(elas. Tear pol. S/GOMA),,11/02/2021,,,METRO,80mm,"10,00",,,,,,,,,,,,
MTM,(elást.tear pol.s/goma),,11/02/2021,,,METRO,100mm,"12,50",,,,,,,,,,,,
M2173,(Elást.fio elastano SR494 cores),,01/09/2022,,,METRO,15mm,"2,40",,,,,,,,,,,,
M21047,(fita elastano import.cores),,01/09/2022,,,METRO,15mm,"2,00",,,,,,,,,,,,
M21101,(elást.tear borr.revestida),,01/09/2022,,,METRO,6mm,"0,94",,,,,,,,,,,,
M21101,(elást.tear borr.revestida),,01/09/2022,,,METRO,8mm,"1,25",,,,,,,,,,,,
M21111,(elást.tear c/goma),,11/02/2021,,,METRO,35mm,,,"6,36",,,,,,,,,,
M21111,(elást.tear c/goma),,11/02/2021,,,METRO,27mm,,,"4,90",,,,,,,,,,
M21111,(elást.tear pol. Sem goma),,11/02/2021,,,METRO,35mm,,,"4,90",,,,,,,,,,
M21119,(elást.tear pol. MTM calandrado),,01/09/2022,,,METRO,20mm,"2,68",,,,,,,,,,,,
M21119,(elást.tear pol. MTM calandrado),,01/09/2022,,,METRO,25mm,"3,35",,,,,,,,,,,,
M21119,(elást.tear pol. MTM calandrado),,01/09/2022,,,METRO,30mm,"4,02",,,,,,,,,,,,
M21119,(elást.tear pol. MTM calandrado),,01/09/2022,,,METRO,35mm,"4,69",,,,,,,,,,,,
M21119,(elást.tear pol. MTM calandrado),,01/09/2022,,,METRO,40mm,"5,36",,,,,,,,,,,,
M21145,(elast.sarjado tipo MEER),,01/09/2022,,,METRO,9mm,"1,02",,"0,99",,,,,,,,,,
M34003,(elást.tranç.17 fusos impar poliéster 5mm),,09/10/2023,,,METRO,5mm,"1,26",,,,,,,,,,,,
MR160.003,(elast.tear 32fios PET 12 bor.revestida),,18/04/2024,,,METRO,8mm,"1,74",,,,,,,,,,,,
M10148,(cad.tear 92fios Polimp meadas cores Asics tipo AL),,11/06/2026,,,PAR,100cm,"1,08",,,,,,,,,,,,
M21052 8MM,Cadarço tear 162 fios helanca 6.0 cores tubular largura 8mm Ous,0,21/06/2026 21:00:00,,,pares,100,"1,85","1,79","1,79",0,0,,,,,,,,
MR130.030 6MM,Cadarço trançadeira 32 fusos PET p/ espula largura 6mm cores Puma,0,21/06/2026 21:00:00,,,pares,100,"1,24","1,20","1,20",0,0,,,,,,,,