Referencia,Descricao,Preco/Metro,DataInicio,DataFim,Observacoes,Unidade,MedidaBase,PrecoRS/CE,PrecoRS/RS,PrecoCE/CE,PrecoMG,Peso,Custo/RS,Custo/BA/CE,nov./22,,PRAZO,,14,14,,7,18,20
250,(cad.tranç.alg.normal),,15/06/2021,,,PAR,100cm,"1,3","1,44",,,,,,,,,,,,,,,
3000/6,(cad.tranç.16fu.fio poliéster),,15/06/2021,,,PAR,100cm,1,"1,11",,,,,,,,,,,,,,,
250-E,(atr.tranç.alg.encer),,15/06/2021,,,METRO,1000mm,"0,93","1,02",,,,,,,,,,,,,,,
250-E,(atr.tranç.alg.encer),,15/06/2021,,,PAR,100cm,"1,87","2,08",,,,,,,,,,,,,,,
3000MG,(cad.tranç.16fu.fio pol.),,15/06/2021,,,METRO,1000mm,"0,36","0,4",,,,,,,,,,,,,,,
3000MG,(cad.tranç.16fu. Fio pol.),,15/06/2021,,,PAR,100cm,"0,68","0,75",,,,,,,,,,,,,,,
6al-f,(FT709 bicolor),,20/10/2025,,,PAR,100cm,"0,84","0,96",,,,,,,,,,,,,,,
6ALM,AT-FT709 (tear 44fios),,15/06/2021,,,PAR,100cm,"0,63","0,7",,,,,,,,,,,,,,,
Dunas Zebra,,,15/06/2021,,,PAR,100cm,"1,08","1,2",,,,,,,,,,,,,,,
J31113,(fita pol.tear jaquard Kolosh),,17/05/2024,,,METRO,12mm,"1,7","1,89",,,,,,,,,,,,,,,
J31136,(fita tear pol.sarjada no jacard 210 fios ),,17/12/2020,,,METRO,14mm,"0,96","1,07",,,,,,,,,,,,,,,
J31158,(elást.jacard desenhado pol.c/bor.revestida),,06/07/2026,,,METRO,300mm,48,"54,72",,,,,,,,,,,,,,,
J31158,(elást.jacard desenhado pol.c/bor.revestida),,29/09/2023,,,METRO,40mm,"5,25","5,85",,,,,,,,,,,,,,,
J31186,(cad.tear jacard 103fios pol.desenho V),,20/10/2025,,,PAR,100cm,"1,26","1,45",,,,,,,,,,,,,,,
kk LS 15338,(pol.tear),,02/09/2022,,,METRO,10mm,"1,25","1,43","1,45",,,,,,,,,,,,,,
kk LS 15338,(M32221 fita tear pol. c/trama nylon 015),,02/09/2022,,,METRO,8mm,"1,05","1,2","1,22",,,,,,,,,,,,,,
kk LS 15338,(M32221 fita tear pol. c/trama nylon 015),,02/09/2022,,,METRO,8mm,"0,8","0,91","0,93",,,,,,,,,,,,,,
LS16410,(tear pol.4bor.revest.bordas),,23/03/2023,,,METRO,5mm,"0,63","0,7",,,,,,,,,,,,,,,
LS16410,(tear pol.4bor.revest.bordas),,14/03/2023,,(pedidos a partir 11/2024 ajustar preço),METRO,5mm,"0,65","0,73",,,,,,,,,,,,,,,
LS16410,(tear pol.4bor.revest.bordas),,01/11/2024,,,METRO,5mm,"0,69","0,78",,,,,,,,,,,,,,,
LS16410,(tear pol.4bor.revest.bordas),,15/06/2021,,(pedido a partir 07/04/2025 c/ desconto,METRO,7mm,"0,74","0,84",,,,,,,,,,,,,,,
LS16410,(Pol.c/lurex),,07/04/2025,,,METRO,7mm,"0,71","0,81","0,82",,,,,,,,,,,,,,
M/EXP,(elást.tear poliéster 4borrochas 28),,16/03/2023,,(desconto concedido 23/03/2023),METRO,5mm,"0,65","0,73",,,,,,,,,,,,,,,
M/EXP,(elást.tear poliéster 4borrochas 28),,25/01/2021,,,METRO,60mm,"10,95",,,,,,,,,,,,,,,,
M10110,(cad.tear pol.cores),,15/06/2021,,,PAR,100cm,"0,7","0,78",,,,,,,,,,,,,,,
M10141,(cad.tear pol.c/10 fios lurex ouro),,08/11/2021,,,PAR,100cm,"1,82","2,02",,,,,,,,,,,,,,,
M10143,(meia cana 4mm 50%alg.+50%pol.),,19/07/2022,,,METRO,5mm,"0,66","0,74",,,,,,,,,,,,,,,
M10143,(meia cana 5mm 60%alg.+40%pol.),,28/06/2022,,,METRO,7mm,"1,25","1,39",,,,,,,,,,,,,,,
M12026,,,15/06/2021,,,PAR,100cm,"0,81","0,9",,,,,,,,,,,,,,,
M12026,(cad.tear pol.c/lurex prata),,15/06/2021,,,PAR,100cm,"1,24","1,38","1,3",,,,,,,,,,,,,,
M12033,(cad.tear pol.bicolor),,15/06/2021,,,PAR,100cm,"0,68","0,75",,,,,,,,,,,,,,,
M12116,(cad.tear pol.c/lurex),,15/06/2021,,,PAR,100cm,"0,9",1,,,,,,,,,,,,,,,
M12135,(cad.tear pol.c/lurex trama),,15/06/2021,,,PAR,100cm,"0,84","0,93",,,,,,,,,,,,,,,
M12150,(cad.tear sublimado 7mm),,04/11/2020,,,METRO,1000mm,"0,9",1,,,,,,,,,,,,,,,
M12159,(cad.tear sarjado bicolor 7mm),,01/12/2021,,,PAR,100cm,"0,7","0,77",,,,,,,,,,,,,,,
M12193,(cad.tear 48fios pol. + 16fios lurex 7mm),,23/04/2026,,,PAR,100cm,"0,86","0,98",1,,,,,,,,,,,,,,
M1294,(cad.pol.tear ref.LS11628 7mm,,15/06/2021,,,METRO,1000mm,"0,29","0,33","0,34",,,,,,,,,,,,,,
M1294,(ref.LS11628 7mm),,08/07/2026,,,PAR,100cm,"0,58","0,66","0,67",,,,,,,,,,,,,,
M1294,(ref.LS11628 13mm),,15/06/2021,,,PAR,100cm,"0,8","0,89",,,,,,,,,,,,,,,
M1294,(ref.LS11628 18mm,,15/06/2021,,,PAR,100cm,"1,02","1,14",,,,,,,,,,,,,,,
M130.007,(cad.tranç.32fu.fio PET redondo),,14/11/2022,,,METRO,15mm,"0,91","1,02",,,,,,,,,,,,,,,
M13009,(cad.tranç.32fu.pol. Redondo c/enchim),,02/05/2022,,,METRO,1000mm,"0,9",1,,,,,,,,,,,,,,,
M13009,(cad.tranç.32fu.pol. Redondo c/enchim),,02/05/2022,,,PAR,100cm,"1,84","2,04",,,,,,,,,,,,,,,
M1308,(cad.LS1273 pol.tear 9mm),,15/06/2021,,,PAR,100cm,"0,68","0,75",,,,,,,,,,,,,,,
M13483,(cad.tranç.32fu.pol.4fios p/espulas),,11/07/2022,,,PAR,100cm,"1,52","1,7",,,,,,,,,,,,,,,
M13499,(cad.tranç.32fus.pol.bicol),,08/07/2026,,,PAR,100cm,"1,15","1,31","1,33",,,,,,,,,,,,,,
M13514,(cad.tranç.32fu.pol.bic.redon),,15/06/2021,,,PAR,100cm,"0,99","1,1",,,,,,,,,,,,,,,
M13518,(cad.tranç.32fu.pol.bicolor),,15/06/2021,,,PAR,100cm,"0,95","1,06",,,,,,,,,,,,,,,
M13521,(cad.tranç.32f. Pol.3fio esp.),,15/06/2021,,,METRO,1000mm,"0,5","0,55",,,,,,,,,,,,,,,
M13521,(cad.tranç.32f. Pol.3fio esp.),,15/06/2021,,,PAR,100cm,"1,02","1,13",,,,,,,,,,,,,,,
M13560,(cad.tranç.32fu.pol. 2/3fios p/espul),,19/05/2022,,,PAR,100cm,"1,08","1,2",,,,,,,,,,,,,,,
M13573,(cad.tranç.32fus.pol.c/lurex),,11/11/2020,,,PAR,100cm,"1,42","1,58",,,,,,,,,,,,,,,
M13575,(cad.tranç.32fus.pol.c/lurex),,15/06/2021,,,PAR,100cm,"1,26","1,4",,,,,,,,,,,,,,,
M13579,(cad.tranç.32fu.pol.),,15/06/2021,,,PAR,100cm,"0,99","1,1",,,,,,,,,,,,,,,
M13591,(cad.tran.32fu.pol.preto c/lurex),,15/06/2021,,,PAR,100cm,"0,7","0,78",,,,,,,,,,,,,,,
M13591,(cad.tran.32fu.pol.cores c/lurex),,15/06/2021,,,PAR,100cm,"0,98","1,09",,,,,,,,,,,,,,,
M13592,(cad.tranç.32fu.pol. 6mm),,15/06/2021,,,PAR,100cm,"0,87","0,97",,,,,,,,,,,,,,,
M13633,(cad.tranç.32fus.pol. c/nylon),,11/02/2021,,,PAR,100cm,"1,35","1,5",,,,,,,,,,,,,,,
M13694,(cad.tranç.32fus.pol.3fios esp.multicor),,12/11/2021,,,PAR,100cm,"1,66","1,85",,,,,,,,,,,,,,,
M13745,(cad.tranç.32fu.pol.2 e 3fios pol.p/espula),,08/11/2023,10/11/2023,,PAR,100cm,"1,32","1,46",,,,,,,,,,,,,,,
M13745,(cad.tranç.32fu.pol.2 e 3fios pol.p/espula),,08/11/2023,,(desconto especial concedido) ,PAR,100cm,"0,98","1,09",,,,,,,,,,,,,,,
M15009,(atc.tranç.48fuso),,15/06/2021,,,PAR,100cm,"1,57","1,74",,,,,,,,,,,,,,,
M15024,(cad.tran.48f.pol/lurex),,15/06/2021,,,PAR,100cm,"1,37","1,52",,,,,,,,,,,,,,,
M15041,(cad.tranç.48fus.pol.c/lurex),,15/06/2021,,,PAR,100cm,"1,1","1,22",,,,,,,,,,,,,,,
M15051,(cad.tranç.48f.pol.),,15/06/2021,,,PAR,100cm,"1,04","1,16",,,,,,,,,,,,,,,
M15061,(cad.tranç.48f.pol.),,15/06/2021,,,PAR,100cm,"1,12","1,24",,,,,,,,,,,,,,,
M15081,(cad.tranç.48 fu.pol. 2 cores),,18/11/2020,,,PAR,90cm,"0,94","1,04",,,,,,,,,,,,,,,
M16068,(cad.tranç.16fu.fio poliéster),,15/06/2021,,,PAR,100cm,"0,66","0,73",,,,,,,,,,,,,,,
M16068,(ref.LS 12014),,15/06/2021,,,PAR,100cm,"0,67","0,74",,,,,,,,,,,,,,,
M16162,(cad.tranç.17fusos fio pol. c/borda bicolor),,12/06/2025,,,PAR,100cm,"1,44","1,64",,,,,,,,,,,,,,,
M16182,(cad.tranç.16fu.fio poliéster c/lurex 3000/6),,15/06/2021,,,PAR,100cm,"1,42","1,58",,,,,,,,,,,,,,,
M16191,(cad.tranç.16fu.fio poliéster red.c/ench.),,02/05/2023,,,PAR,100cm,"1,02","1,14",,,,,,,,,,,,,,,
M16206,(cad.tranç.16fu.fio poliéster c/lurex red.4mm),,29/11/2021,,,PAR,100cm,"2,32","2,6",,,,,,,,,,,,,,,
M16214,(cad.tranç.17fu 2fios pol.p/espula ),,23/04/2026,,,PAR,100cm,"0,75","0,86","0,87",,,,,,,,,,,,,,
M16237,(Cad.tranç.17fu.6fios pol. p/espula 12mm larg.),,27/09/2024,,,PAR,100cm,"1,38","1,56",,,,,,,,,,,,,,,
M16244,(Cad.tranç.17fu.9fios pol.p/espula 15mm larg.),,02/10/2024,,,PAR,100cm,"1,7","1,93",,,,,,,,,,,,,,,
M16256,(cad.tranç.17fu.6fios pol.p/espula),,17/09/2025,,,PAR,100cm,"1,44","1,64",,,,,,,,,,,,,,,
M16261,(cad.tranç.17fu.3fios pol.p/espula 6mm largura),,26/06/2026,,,PAR,100cm,1,"1,15",,,,,,,,,,,,,,,
M2000/5,(cad.tranç.32f.2fios algodão 24/2 p/esp.cores),0,24/06/2026,,,metros,100,"1,98","2,26",0,0,0,,,,,,,,,,,,
M2041,(elast.tear pol.tub.canelado),,20/05/2021,,,PAR,100cm,"2,58","2,86",,,,,,,,,,,,,,,
M2047,(elást.c/trama pol.urdume lurex),,15/06/2021,,,METRO,7mm,"0,93","1,03",,,,,,,,,,,,,,,
M21123,(elást.tear pol.c/lurex),,25/01/2021,,,METRO,7mm,"0,79","0,87",,,,,,,,,,,,,,,
M21151,(elást.redondo tranç.16fu.16bor.38),,25/01/2021,,,METRO,40mm,"7,15","7,94",,,,,,,,,,,,,,,
M21154,(elást.redondo tranç.5mm),,20/05/2021,,,METRO,"2,5mm","1,07","1,19",,,,,,,,,,,,,,,
M21154,(desconto com matéria prima diferente) (elást.redondo tranç.5mm),,16/09/2021,,,METRO,5mm,"2,28","2,53",,,,,,,,,,,,,,,
M21162,(elást. Tear 16fios pol.8fios lurex 6bor.28),,24/10/2022,,,METRO,5mm,"1,42","1,58",,,,,,,,,,,,,,,
M21175,(elást.tear 12fios pol.+8lurex+6bor.28),,29/04/2025,,,METRO,7mm,"1,03","1,16",,,,,,,,,,,,,,,
M21176,(elást.tear 20fios pol.+8lurex+6bor.28),,28/06/2023,,,METRO,7mm,"1,08","1,2",,,,,,,,,,,,,,,
M21177,(elást.tranç.16fu.pol.c/lurex 5mm esp.),,03/07/2023,,,METRO,7mm,"1,12","1,25",,,,,,,,,,,,,,,
M21183,(elást.tear bicolor 24fios pol.7bor.28 LS16410,,03/07/2023,,,METRO,5mm,"1,84","2,04",,,,,,,,,,,,,,,
M21187,(elást.tear 20fios pol.6bor.28 c/frizo meio),,09/07/2024,,,METRO,8mm,"1,14","1,29",,,,,,,,,,,,,,,
M21202,(elást.tear fio poliéster c/detalhe borda),,17/10/2024,,,METRO,7mm,"1,1","1,24",,,,,,,,,,,,,,,
M2148,(elást.tear pol.canelado preço especial),,17/01/2024,,,METRO,120mm,"10,53","11,69",,,,,,,,,,,,,,,
M2148,(elást.tear pol.canelado preço especial),,25/01/2021,,,METRO,7mm,"1,63","1,81",,,,,,,,,,,,,,,
M2159,(elástico tear normal),,25/01/2021,,,METRO,25mm,"3,01","3,34",,,,,,,,,,,,,,,
M2194,(elást. Tear  bicolor),,03/05/2023,,,METRO,7mm,"0,8","0,89",,,,,,,,,,,,,,,
M22013,(cad. Tear pol.),,15/06/2021,,,PAR,100cm,"0,75","0,83",,,,,,,,,,,,,,,
M22024,"(cad.tear pol.tubolar 16,1bat.)",,22/10/2019,,,PAR,100cm,"0,53","0,59",,,,,,,,,,,,,,,
M22025,"(cad.tear Lurex irize/pol. 7,5mm larg)",,04/05/2022,,,PAR,100cm,"2,94","3,26",,,,,,,,,,,,,,,
M22026,(cad.tear pol. Tubular pontilhado 7mm),,26/04/2023,,,PAR,100cm,"0,75","0,84",,,,,,,,,,,,,,,
M22030,(cad.tear pol.tubular c/lurex),,27/04/2022,,,PAR,100cm,"1,02","1,14",,,,,,,,,,,,,,,
M22035,(cad.tear 8mm pol.c/lurex),,15/06/2021,,,PAR,100cm,"0,97","1,08",,,,,,,,,,,,,,,
M22039,(cad.tear pol.tub.c/lurex irise),,15/06/2021,,,PAR,100cm,"0,95","1,05",,,,,,,,,,,,,,,
M22063,(cadarço metros pol.tubular 5mm cores),,08/07/2026,,,METRO,1000mm,"0,42","0,48","0,49",,,,,,,,,,,,,,
M22063,(cad.tear pol. Tubular 60 fios cores 7mm),,08/07/2026,,,PAR,100cm,"0,86","0,98",1,,,,,,,,,,,,,,
M31133,(fita tear 300fios pol.tricolor ),,19/06/2026,,,METRO,30mm,"2,68","3,05",,,,,,,,,,,,,,,
M32132 10mm,(fita pol.tear cores),,14/10/2022,,,PAR,100cm,"0,96","1,06",,,,,,,,,,,,,,,
M32142,(fita tear pol.c/cordão passador c/goma),,15/06/2021,,,METRO,10mm,"0,46","0,51",,,,,,,,,,,,,,,
M32144,(fita pol.bicolor 280f.tipo MFP),,15/06/2021,,,METRO,35mm,"1,52","1,69",,,,,,,,,,,,,,,
M32144,(fita pol.bicolor 280f.tipo MFP),,12/06/2025,,,METRO,45mm,"1,79","2,03",,,,,,,,,,,,,,,
M32151,(fita pol.bic. Ponteirada),,15/06/2021,,,METRO,15mm,"0,66","0,73",,,,,,,,,,,,,,,
M32151,(fita pol.bic. Ponteirada),,15/06/2021,,,METRO,50mm,"2,17","2,41",,,,,,,,,,,,,,,
M32152,(fita pol.bico c/ponteira),,14/10/2022,,,METRO,10mm,"0,46","0,51",,,,,,,,,,,,,,,
M32152,(fita pol.bico c/ponteira),,14/10/2022,,,METRO,12mm,"0,55","0,61",,,,,,,,,,,,,,,
M32152,(fita pol.bic.ponteirada),,14/10/2022,,,METRO,15mm,"0,68","0,76",,,,,,,,,,,,,,,
M32152 12mm,(fita pol.bico c/ponteira),,14/10/2022,,,PAR,100cm,"1,14","1,26",,,,,,,,,,,,,,,
M32152 15mm,(fita pol.bic.ponteirada),,15/06/2021,,,PAR,100cm,"1,34","1,48",,,,,,,,,,,,,,,
M32152 15mm,(fita pol.bico c/ponteira),,14/10/2022,,,PAR,100cm,"1,4","1,56",,,,,,,,,,,,,,,
M32156,(fita pol.tear p/mts),,02/10/2023,,,METRO,12mm,"2,68","2,98",,,,,,,,,,,,,,,
M32156,(fita pol.tear c/ponteira),,13/06/2024,,,METRO,15mm,"0,48","0,55",,,,,,,,,,,,,,,
M32177 15mm,(fita pol.tear c/3listras color.),,13/06/2024,,,PAR,100cm,"0,98","1,11",,,,,,,,,,,,,,,
M32183,(fita pol.tear bicolor),,08/04/2022,,,METRO,20mm,"0,85","0,95",,,,,,,,,,,,,,,
M32183,(fita pol.tear bicolor),,08/12/2020,,,METRO,20mm,"1,31","1,45",,,,,,,,,,,,,,,
M32208,(fita pol.tear c/borda +grossa),,08/12/2020,,,METRO,25mm,"1,64","1,82",,,,,,,,,,,,,,,
M40105,(fita tear pol.c/lurex irize),,09/01/2023,,,METRO,10mm,"1,16","1,29",,,,,,,,,,,,,,,
M40105,(fita tear pol.c/lurex irize),,16/10/2024,,,METRO,12mm,"0,61","0,68",,,,,,,,,,,,,,,
M40105,(desconto concedido 04/07/2024),,09/01/2023,,,METRO,16mm,"2,02","2,27",,,,,,,,,,,,,,,
M40105,(desconto concedido 04/07/2024),,04/07/2024,,,METRO,16mm,"1,86","2,12",,,,,,,,,,,,,,,
M40105,(desconto concedido 04/07/2024),,16/02/2023,,,METRO,20mm,"2,5","2,78",,,,,,,,,,,,,,,
M4140,(fita pol.tear c/refletivo 3mm),,26/06/2026,,,METRO,8mm,"0,33","0,38",,,,,,,,,,,,,,,
M41426,(fita pol.tear monocolor),,04/07/2024,,,METRO,20mm,"2,32","2,64",,,,,,,,,,,,,,,
M41430,(fita tear pont.c\\lurex),,15/06/2021,,,PAR,100cm,"0,83","0,92",,,,,,,,,,,,,,,
M41430 10mm,(fita pol.tear c/lurex ponteir.),,15/06/2021,,,PAR,100cm,"0,43","0,48",,,,,,,,,,,,,,,
M41430 12mm,(fita pol.tear c/lurex ponteir.),,15/06/2021,,,PAR,100cm,"0,82","0,91",,,,,,,,,,,,,,,
M41445,(fita pol.tear bicolor),,23/09/2020,,,METRO,8mm,"0,38","0,42",,,,,,,,,,,,,,,
M41445 8mm,(fita pol.tear bicolor),,15/06/2021,,,PAR,100cm,"0,61","0,68",,,,,,,,,,,,,,,
M41452,(fita pol.tear listrada),,23/09/2020,,,METRO,15mm,"0,52","0,58",,,,,,,,,,,,,,,
M41457,(fita pol.tear listrada),,15/06/2021,,,METRO,12mm,"0,41","0,46",,,,,,,,,,,,,,,
M41457,(fita pol.tear listrada),,15/06/2021,,,METRO,12mm,"0,51","0,57",,,,,,,,,,,,,,,
M41459,(fita pol.tear 3 listras),,15/06/2021,,,METRO,15mm,"0,64","0,71",,,,,,,,,,,,,,,
M41472,(fita tear pol.c/ 2 refletivo 2mm),,15/06/2021,,,METRO,12mm,"0,41","0,46",,,,,,,,,,,,,,,
M41475,(fita tear pol.c/detalhe color.),,29/10/2020,,,METRO,20mm,"3,22","3,57",,,,,,,,,,,,,,,
M41480,(fita tear 62fios pol. Bicolor),,15/06/2021,,,METRO,23mm,"1,09","1,21",,,,,,,,,,,,,,,
M41490,(fita tear pol.cores),,14/10/2024,,,METRO,15mm,"0,72","0,82",,,,,,,,,,,,,,,
M41495,(fita tear pol.cores),,27/10/2020,,,METRO,10mm,"0,44","0,55",,,,,,,,,,,,,,,
M41499,(fita pol.tear c/sublimação 1 lado),,05/02/2021,,,METRO,10mm,"0,38","0,42",,,,,,,,,,,,,,,
M41534,(fita tear pol.c/refletivo colado 6mm),,19/04/2021,,,METRO,10mm,"0,59","0,65",,,,,,,,,,,,,,,
M41540,(fita tear 22fios pol.+88fios nylon 015),,01/11/2022,,,METRO,15mm,"2,47","2,75",,,,,,,,,,,,,,,
M4194,(fita pol.tear tubular c/detalhe),,08/11/2019,,,METRO,10mm,"2,06","2,29",,,,,,,,,,,,,,,
M4194,(fita tear 80fios pol. Tubular bicolor),,08/11/2021,,,METRO,15mm,"0,88","0,98",,,,,,,,,,,,,,,
M5124,(fita tear 468 fios pol. Cores c/ligamento),,15/06/2021,,,METRO,12mm,"0,63","0,7",,,,,,,,,,,,,,,
M6015,(17100 algo.encer.tran),,15/06/2021,,,PAR,100cm,"1,62","1,8",,,,,,,,,,,,,,,
M6049-E,(at.algodão encer.),,15/06/2021,,,PAR,100cm,"0,86","0,95",,,,,,,,,,,,,,,
M7012,(cad.tranç.32FU.redondo algodão encerrado),,22/01/2024,,,METRO,1000mm,"1,32","1,47",,,,,,,,,,,,,,,
M7012,(cad.tranç.32FU.redondo algodão encerrado),,22/01/2024,,,PAR,100cm,"2,68","2,97",,,,,,,,,,,,,,,
M9022,(cad.tranç.16fus.pol),,03/05/2023,,,METRO,1000mm,"0,27","0,3","0,31",,,,,,,,,,,,,,
M9022,(cad.tranç.16fus.pol),,03/05/2023,,,PAR,100cm,"0,56","0,63","0,65",,,,,,,,,,,,,,
M9030,(cad.pol.tranç.16fus.pol),,15/06/2021,,,METRO,1000mm,"0,45","0,5",,,,,,,,,,,,,,,
M9045,(cad.tranç.16fus.pol.),,15/06/2021,,,PAR,100cm,"0,81","0,9",,,,,,,,,,,,,,,
M9088,(cad.tranç.16fus.pol.bicolor 5mm),,23/09/2022,,,METRO,1000mm,"0,58","0,64",,,,,,,,,,,,,,,
M9088,(cad.tranç.16fus.pol.bicolor 5mm),,04/11/2022,,(desconto concedido 04/11/2022) ,METRO,1000mm,"0,45","0,5",,,,,,,,,,,,,,,
MCC,(meia cana algodão 16/2 c/pol.trama 5mm),,28/06/2022,,,METRO,1000mm,"0,89","0,99",,,,,,,,,,,,,,,
meia cana 15mm,algodão 5mm trama poliéster,,15/06/2021,,,PAR,100cm,"1,38","1,53",,,,,,,,,,,,,,,
meia cana algodão 5mm trama poliéster,,,28/06/2022,,,METRO,5mm,"0,89","0,99",,,,,,,,,,,,,,,
MER,(Elast.red.pol. EL TR-286,,27/07/2021,,,PAR,100cm,"2,16","2,38",,,,,,,,,,,,,,,
MER,EL TR-286,,20/05/2021,,,METRO,"2,5mm","1,07","1,19",,,,,,,,,,,,,,,
MER,(Elast.red.pol. EL TR-286,,20/05/2021,,,METRO,2mm,"0,92","1,02",,,,,,,,,,,,,,,
MER,"(preço MER 3,0mm por par)",,20/05/2021,,,METRO,3mm,"1,28","1,42",,,,,,,,,,,,,,,
MFA,(fita tear reforçada poliéster/algodão),,19/07/2022,,,METRO,4mm,"0,4","0,45",,,,,,,,,,,,,,,
MFA,(fita tear reforçada poliéster/algodão),,26/06/2026,,,METRO,6mm,"0,25","0,29",,,,,,,,,,,,,,,
MFGP,(fita pol.tear),,03/12/2020,,,METRO,10mm,"0,41","0,46",,,,,,,,,,,,,,,
MFGP,(fita pol.tear),,08/07/2026,,,METRO,10mm,"0,48","0,55","0,56",,,,,,,,,,,,,,
MFGP,(fita pol.tear),,15/06/2021,,,METRO,12mm,"0,49","0,54",,,,,,,,,,,,,,,
MFGP,(fita pol.tear),,08/07/2026,,,METRO,12mm,"0,58","0,66","0,67",,,,,,,,,,,,,,
MFGP,(fita pol.tear),,08/07/2026,,,METRO,15mm,"0,58","0,66","0,67",,,,,,,,,,,,,,
MFGP,(fita pol.tear com refletivo 5mm),,03/05/2023,,,METRO,15mm,"2,2","2,51","2,55",,,,,,,,,,,,,,
MFGP,(fita pol.tear),,17/02/2023,,,METRO,20mm,"0,96","1,07",,,,,,,,,,,,,,,
MFGP,(fita pol.tear),,17/02/2023,,,METRO,25mm,"1,2","1,34",,,,,,,,,,,,,,,
MFGP,(fita tear pol. Bicolor),,03/05/2023,,,METRO,25mm,"2,64","3,01","3,06",,,,,,,,,,,,,,
MFGP,(fita pol.tear),,17/02/2023,,,METRO,28mm,"1,34","1,49",,,,,,,,,,,,,,,
MFGP,(fita pol.tear com refletivo 5mm),,17/02/2023,,,METRO,30mm,"1,44","1,6",,,,,,,,,,,,,,,
MFGP,(fita pol.tear),,03/12/2020,,,METRO,8mm,"0,33","0,37",,,,,,,,,,,,,,,
MFGP,(fita pol.tear),,08/07/2026,,,METRO,8mm,"0,38","0,43","0,44",,,,,,,,,,,,,,
MFGP 10mm,(fita pol.tear com ponteira),,03/12/2020,,,PAR,100cm,"0,84","0,93",,,,,,,,,,,,,,,
MFP,(Fita FT726 Dakota),,20/07/2022,,,METRO,10mm,"0,6","0,67",,,,,,,,,,,,,,,
MFP,(Fita FT726 Dakota),,20/07/2022,,,METRO,12mm,"0,72","0,8",,,,,,,,,,,,,,,
MFP,(Fita FT726 Dakota),,20/07/2022,,,METRO,15mm,"0,93","1,03",,,,,,,,,,,,,,,
MFP,(Fita FT726 Dakota),,20/07/2022,,,METRO,20mm,"1,24","1,38",,,,,,,,,,,,,,,
MFP,(Fita FT726 Dakota),,20/07/2022,,,METRO,25mm,"1,5","1,67",,,,,,,,,,,,,,,
MFP,(Fita FT726 Dakota),,20/07/2022,,,METRO,28mm,"1,68","1,87",,,,,,,,,,,,,,,
MFP,(Fita FT726 Dakota),,22/10/2019,,,METRO,28mm,"1,23","1,36",,,,,,,,,,,,,,,
MFP,(Fita FT726 Dakota),,20/07/2022,,,METRO,30mm,"1,8",2,,,,,,,,,,,,,,,
MFP,(Fita FT726 Dakota),,20/07/2022,,,METRO,35mm,"2,1","2,34",,,,,,,,,,,,,,,
MFP,(fita tear pol. FT726 Dakota),,20/07/2022,,,METRO,40mm,"2,4","2,67",,,,,,,,,,,,,,,
MFP,(Fita FT726 Dakota),,20/07/2022,,,METRO,8mm,"0,49","0,55",,,,,,,,,,,,,,,
MR100.001,(fita pol.RECICLADO(mfgp),,08/11/2023,,,METRO,20mm,"1,28","1,43",,,,,,,,,,,,,,,
MR100.001,(fita pol.RECICLADO(mfgp),,16/12/2020,,,METRO,8mm,"0,46","0,52",,,,,,,,,,,,,,,
MR100.003,(fita pol.Reciclado(MFP),,11/04/2022,,,METRO,10mm,"0,84","0,94",,,,,,,,,,,,,,,
MR100.003,(fita pol.Reciclado(MFP),,11/04/2022,,,METRO,15mm,"1,26","1,4",,,,,,,,,,,,,,,
MR100.003,(fita pol.Reciclado(MFP),,16/12/2020,,,METRO,20mm,"1,1","1,22",,,,,,,,,,,,,,,
MR100.003,(fita pol.Reciclado(MFP),,11/04/2022,,,METRO,8mm,"0,68","0,76",,,,,,,,,,,,,,,
MR100.004,(fit.pol.recicaldo 1 lado sublimado),,17/12/2020,,,METRO,15mm,"0,9",1,,,,,,,,,,,,,,,
MR100.004,(fit.pol.recicaldo 1 lado sublimado),,11/04/2022,,,METRO,20mm,"1,68","1,87",,,,,,,,,,,,,,,
MR100.015,(fita tear PET cores c/goma,,17/12/2020,,,PAR,100cm,"1,84","2,04",,,,,,,,,,,,,,,
MR100.015,(fita tear PET cores c/goma,,31/10/2022,,,METRO,30mm,"2,72","3,02",,,,,,,,,,,,,,,
MR100.035,(fita tear PET bicolor),,31/10/2022,,,METRO,20mm,"1,82","2,02",,,,,,,,,,,,,,,
MR110.016,(cad.tear PET c/detalhe pont.7mm),,24/05/2022,,,METRO,1000mm,"0,44","0,49",,,,,,,,,,,,,,,
MR110.016,(cad.tear PET c/detalhe pont.7mm),,24/05/2022,,,PAR,100cm,"0,9",1,,,,,,,,,,,,,,,
MR110.017,(cad.tear 76 fios PET 10mm cores),,23/10/2024,,,PAR,100cm,"1,18","1,34",,,,,,,,,,,,,,,
MR130.004,(cad.tranç.32fu.reciclado),,17/12/2020,,,PAR,100cm,"1,77","1,95",,,,,,,,,,,,,,,
MTM,(elás.tear pol. Cores Neon fosforec),,25/01/2021,,,METRO,10mm,"1,12","1,24",,,,,,,,,,,,,,,
MTM,(elást.tear poliéster),,25/01/2021,,,METRO,10mm,"1,55","1,72",,,,,,,,,,,,,,,
MTM,(elas.tear com lurex),,14/10/2025,,,METRO,110mm,"13,75","15,54",,,,,,,,,,,,,,,
MTM,(elás.tear poliéster),,17/01/2024,,,METRO,150mm,"14,25","15,9",,,,,,,,,,,,,,,
MTM,(elásti.listado),,25/01/2021,,,METRO,20mm,"2,5","2,78",,,,,,,,,,,,,,,
MTM,(elást. Monocolor pol.tear),,25/01/2021,,,METRO,24mm,"3,01","3,34",,,,,,,,,,,,,,,
MTM,(elást.tear fio poliéster c/4x),,25/01/2021,,,METRO,30mm,"3,75","4,16",,,,,,,,,,,,,,,
MTM,(elástico tear pol.),,06/07/2026,,,METRO,400mm,61,"69,54",,,,,,,,,,,,,,,
MTM,(elástico tear pol.),,25/01/2021,,,METRO,45mm,"7,04","7,81",,,,,,,,,,,,,,,
MTM,(elást.tear poliéster c/5x),,18/01/2024,,,METRO,70mm,"7,4","8,22",,,,,,,,,,,,,,,
MTM,(c/desconto em 4x) (elást.tear poliéster),,05/10/2022,,,METRO,90mm,"11,7","12,99",,,,,,,,,,,,,,,
MTM,(elástic.sublimação),,05/10/2022,,,METRO,90mm,"9,4","10,44",,,,,,,,,,,,,,,