Referencia,Descricao,Preco/Metro,DataInicio,DataFim,Observacoes,Unidade,MedidaBase,PrecoRS,PrecoBA,PrecoCE,PrecoMG,Peso,Custo/RS,Custo/BA/CE,nov./22,,PRAZO,90,-3,-3
Juta c/ goma,,,01/02/2021,,,PAR,17cm,"0,09",,,,,,,,,,,,
Juta  c/goma p/exportação,,,01/02/2021,,,PAR,17cm,"0,08",,,,,,,,,,,,
Juta c/goma p/exportação,,,12/03/2021,,,PAR,35cm,"0,16",,,,,,,,,,,,
Juta c/goma mercado interno,,,12/03/2021,,,PAR,35cm,"0,19",,,,,,,,,,,,
MFG,,,12/01/2022,,,METRO,10mm,"0,42","0,41","0,41",,,"0,46","0,45",,,,,,
MFG,,,01/11/2022,,,METRO,10mm,"0,46","0,45","0,45",,,,,,,,,,
MFG,,,12/01/2022,,,METRO,8mm,"0,37","0,36","0,36",,,,,,,,,,
MFG,,,12/01/2022,,,METRO,12mm,"0,5","0,49","0,49",,,"0,55","0,53",,,,,,
MFG,,,01/11/2022,,,METRO,12mm,"0,55","0,53","0,53",,,,,,,,,,
MFG,(fita 8mm c/refletivo aplicado),,19/10/2019,,,METRO,8mm,"1,71",,,,,,,,,,,,
MFG,(fita 10mm c/refletivo aplicado),,19/10/2019,,,METRO,10mm,"1,71",,,,,,,,,,,,
MFG C/ Goma,,,12/01/2022,,,METRO,10mm,"0,53","0,52","0,52",,,"0,58","0,56",,,,,,
MFG C/ Goma,,,01/11/2022,,,METRO,10mm,"0,58","0,56","0,56",,,,,,,,,,
MFG c/goma,,,12/01/2022,,,METRO,12mm,"0,64","0,62","0,62",,,"0,7","0,68",,,,,,
MFG c/goma,,,01/11/2022,,,METRO,12mm,"0,70","0,68","0,68",,,,,,,,,,
MFP,(fita pol.tear c/goma),,12/01/2022,,,METRO,14mm,"1,00","0,97","0,97",,,,,,,,,,
MFGP S/GOMA,,,12/01/2022,,,METRO,6mm,"0,23","0,22","0,22",,,"0,25","0,24",,,,,,
MFGP S/GOMA,,,01/11/2022,,,METRO,6mm,"0,25","0,24","0,24",,,,,,,,,,
MFGP S/GOMA,,,12/01/2022,,,METRO,10mm,"0,36","0,35","0,35",,,"0,41","0,4",,,,,,
MFGP S/GOMA,,,01/11/2022,,,METRO,10mm,"0,41","0,40","0,40",,,,,,,,,,
MFGP S/GOMA,,,12/01/2022,,,METRO,12mm,"0,43","0,42","0,42",,,"0,49","0,48",,,,,,
MFGP S/GOMA,,,01/11/2022,,,METRO,12mm,"0,49","0,48","0,48",,,,,,,,,,
MFGP S/GOMA,,,12/01/2022,,,METRO,14mm,"0,58","0,56","0,56",,,,,,,,,,
MFGP 15MM S/GOMA,,,12/01/2022,,,METRO,15mm,"0,54","0,52","0,52",,,"0,62","0,6",,,,,,
MFGP 15MM S/GOMA,,,01/11/2022,,,METRO,15mm,"0,62","0,60","0,60",,,,,,,,,,
MFGP S/GOMA,,,12/01/2022,,,METRO,18mm,"0,76","0,74","0,74",,,,,,,,,,
MFGP S/GOMA,,,12/01/2022,,,METRO,20mm,"0,72","0,70","0,70",,,"0,82","0,8",,,,,,
MFGP S/GOMA,,,01/11/2022,,,METRO,20mm,"0,82","0,80","0,80",,,,,,,,,,
MFGP,(fita tear pol. s/goma Fila),,19/10/2020,,,METRO,24mm,"1,48","1,44","1,44",,,,,,,,,,
MFGP C/Goma,,,12/01/2022,,,METRO,6mm,"0,29","0,28","0,28",,,"0,33","0,32",,,,,,
MFGP C/Goma,,,01/11/2022,,,METRO,6mm,"0,33","0,32","0,32",,,,,,,,,,
MFGP C/Goma,,,12/01/2022,,,METRO,8mm,"0,37","0,36","0,36",,,"0,44","0,42",,,,,,
MFGP C/Goma,,,01/11/2022,,,METRO,8mm,"0,44","0,42","0,42",,,,,,,,,,
MFGP C/ Goma,,,12/01/2022,,,METRO,10mm,"0,46","0,45","0,45",,,"0,53","0,51",,,,,,
MFGP C/ Goma,,,01/11/2022,,,METRO,10mm,"0,53","0,51","0,51",,,,,,,,,,
MFGP C/ Goma,,,12/01/2022,,,METRO,12mm,"0,55","0,53","0,53",,,"0,64","0,62",,,,,,
MFGP C/ Goma,,,01/11/2022,,,METRO,12mm,"0,64","0,62","0,62",,,,,,,,,,
MFGP C/ Goma,,,01/11/2022,,,METRO,15mm,"0,8","0,78","0,78",,,,,,,,,,
MFGP C/ Goma,,,01/11/2022,,,METRO,16mm,"0,84","0,81","0,81",,,,,,,,,,
MFGP,(fita tear pol.c/goma Fila especial),,01/03/2021,,,METRO,20mm,"1,47","1,42","1,42",,,,,,,,,,
MFGP,(fita tear pol. c/goma Fila),,01/11/2022,,,METRO,30mm,"1,59","1,54","1,54",,,,,,,,,,
MFGP,(fita pol.c/goma c/pré-encolhimento),,12/01/2022,,,METRO,12mm,"0,65","0,63","0,63",,,"0,68","0,67",,,,,,
MFGP,(fita pol.c/goma c/pré-encolhimento),,01/11/2022,,,METRO,12mm,"0,68","0,67","0,67",,,,,,,,,,
MFGP,(fita pol.c/goma),,01/03/2021,,,METRO,16mm,"0,84","0,81","0,81",,,,,,,,,,
MFGP,(fita pol.c/goma c/pré-encolhimento),,01/03/2021,,,METRO,16mm,"0,91","0,88","0,88",,,,,,,,,,
MFGP,(fita pol.c/goma c/pré-encolhimento),,01/03/2021,,,METRO,18mm,"1,03","1,00","1,00",,,,,,,,,,
MFGP,(fita pol.tear c/sublimação),,19/10/2020,,,METRO,20mm,"1,58",,,,,,,,,,,,
MFGP/T2,,,12/01/2022,,,METRO,3mm,"0,29","0,28","0,28",,,"0,32","0,31",,,,,,
MFGP/T2,,,01/11/2022,,,METRO,3mm,"0,32","0,31","0,31",,,,,,,,,,
MFGP/T2,,,12/01/2022,,,METRO,4mm,"0,39","0,38","0,38",,,"0,44","0,43",,,,,,
MFGP/T2,,,01/11/2022,,,METRO,4mm,"0,44","0,43","0,43",,,,,,,,,,
MFGP/T2,,,12/01/2022,,,METRO,6mm,"0,53","0,51","0,51",,,"0,59","0,57",,,,,,
MFGP/T2,,,01/11/2022,,,METRO,6mm,"0,59","0,57","0,57",,,,,,,,,,
MFGP/T2 C/Goma,,,12/01/2022,,,METRO,4mm,"0,45","0,44","0,44",,,"0,52","0,5",,,,,,
MFGP/T2 C/Goma,,,01/11/2022,,,METRO,4mm,"0,52","0,50","0,50",,,,,,,,,,
MFGP/T2 C/Goma,,,12/01/2022,,,METRO,8mm,"0,59","0,57","0,57",,,"0,65","0,63",,,,,,
MFGP/T2 C/Goma,,,01/11/2022,,,METRO,8mm,"0,65","0,63","0,63",,,,,,,,,,
M2173,(fita tear elastano tingido),,13/09/2022,,,METRO,15mm,"2,80",,,,,,,,,,,,
M2173,(fita tear elastano tingido),,13/09/2022,,,METRO,17mm,"3,20",,,,,,,,,,,,
M4027,(fita tear pol.c/goma),,01/03/2021,,,METRO,10mm,"0,67","0,65","0,65",,,,,,,,,,
M4027,(fita tear pol.c/goma),,01/03/2021,,,METRO,12mm,"0,80","0,78","0,78",,,,,,,,,,
M4027,(fita tear pol.c/goma),,01/03/2021,,,METRO,40mm,"2,67","2,59","2,59",,,,,,,,,,
M4028,(fita tear pol. 82 fios Jhonson Murphy),,28/11/2023,,,METRO,10mm,"0,54","0,52","0,52",,,,,,,,,,
M4028,(fita tear pol. 82 fios Jhonson Murphy),,28/11/2023,,,METRO,15mm,"0,81","0,79","0,79",,,,,,,,,,
M4139,(fita tear fio helanca cores),,15/10/2024,,,METRO,10mm,,,,,,,,,,,,,
M4139,(fita tear fio helanca cores),,25/01/2023,,,METRO,15mm,"1,02",,,,,,,,,,,,
M4139,(fita tear fio helanca cores),,15/10/2024,,,METRO,18mm,"1,32",,,,,,,,,,,,
M4140,(fita tear pol.bic.c/reflet.aplic.3mm),,19/10/2019,,,METRO,10mm,"3,28",,,,,,,,,,,,
M4140,(com desconto concedido 26/02/2025) (fita tear pol.bic.c/reflet.aplic.3mm),,26/02/2025,,,METRO,10mm,"2,78",,,,,,,,,,,,
M4068,(fita tear pol.cores New Balance),,29/02/2024,,,METRO,15mm,"0,85","0,82","0,82",,,,,,,,,,
M41545,(fita tear Fio polimp cores New Balance),,14/03/2024,,,METRO,18mm,"1,08","1,05","1,05",,,,,,,,,,
M5124,(fita tear pol.cores),,10/02/2021,,,METRO,15mm,"1,68",,,,,,,,,,,,
M5124,(fita tear pol.cores),,25/01/2023,,,METRO,20mm,"2,40","2,33","2,33",,,,,,,,,,
M5124,(fita tear pol. c/sublimação),,10/06/2021,,,METRO,20mm,"3,28",,,,,,,,,,,,
M5021,,,12/01/2022,,,METRO,7mm,"0,47","0,46","0,46",,,"0,51","0,49",,,,,,
M5021,,,01/11/2022,,,METRO,7mm,"0,51","0,49","0,49",,,,,,,,,,
M5187,(fita tear polimp cores calandrado),,08/04/2022,,,METRO,45mm,"2,60","2,52","2,52",,,,,,,,,,
M5187,(fita teart Polimp c/goma pré-encolhimento),,08/04/2022,,,METRO,45mm,"3,38","3,28","3,28",,,,,,,,,,
J31081,(fita tear jacar 72 fios pol. c/goma FILA),,28/05/2026,,,METRO,15mm,"1,15",,,,,,,,,,,,
J31103,(fita jacquar quadr. Pol. c/refletivo),,08/06/2021,,,METRO,15mm,"2,48",,,,,"2,6",,,,,,,
J31103,(fita jacquar quadr. Pol. c/refletivo),,01/11/2022,,,METRO,15mm,"2,60",,,,,,,,,,,,
M31105,(fita tear pol.bicolor c/frizo central FILA),,07/07/2023,,,METRO,12mm,"1,09","1,06","1,06",,,,,,,,,,
J31112,(fita jacquar escr.FILA),,01/03/2021,,,METRO,22mm,"1,94",,,,,"2,04",,,,,,,
J31112,(fita jacquar escr.FILA),,01/11/2022,,,METRO,22mm,"2,04",,,,,,,,,,,,
J31124,(fita tear jacquar 120fios pol. c/goma calandrada),,26/02/2024,,,METRO,15mm,"1,6","1,56","1,56",,,,,,,,,,
J31131,(cad.jacard pol.pontilhado 6mm),,01/05/2022,,,PAR,100cm,"0,98","0,95","0,95",,,,,,,,,,
J31134,(cad.jacard polimp desen.quadric.10mm),,03/03/2022,,,PAR,100cm,"1,56",,,,,,,,,,,,
J31169,(fita tear Jacard 70fios pol.c/det.pontilhado New Balance),,21/01/2025,,,METRO,12mm,"0,78",,,,,,,,,,,,
J31169,(Fita tear Jacard 70fios pol.c/det.pont.New Balance c/goma),,21/01/2025,,,METRO,12mm,"0,9",,,,,,,,,,,,
J31172,(fita tear Jacard 72fios pol.c/ 1 fio nylon 015 trama Fila),,29/10/2025,,,METRO,10mm,"0,98","0,95","0,95",,,,,,,,,,
J31172,(fita tear Jacard 72fios pol.c/ 1 fio nylon 015 trama Fila),,29/10/2025,,,METRO,12mm,"1,18","1,15","1,15",,,,,,,,,,
J31172,(fita tear Jacard 72fios pol.c/ 1 fio nylon 015 trama Fila),,29/10/2025,,,METRO,15mm,"1,48","1,44","1,44",,,,,,,,,,
J31173,(Fita jacard 140fios pol. Des.quadriculado Fila),,07/11/2024,,,METRO,12mm,"1,24",,,,,,,,,,,,
J31174,(fita jacard 92fios pol.Dese.quadriculado Fila),,07/11/2024,,,METRO,8mm,"0,84",,,,,,,,,,,,
J31174,(fita jacard 92fios pol.Dese.quadriculado Fila),,07/11/2024,,,METRO,12mm,"1,21",,,,,,,,,,,,
J31175,(fita jacard 60fios pol.c/5fios refle.1mm c/goma New Balance),,28/01/2025,,,METRO,12mm,"4,86",,,,,,,,,,,,
J31177,(fita tear Varetex 106fios Poliéster Fila),,28/02/2025,,,METRO,12mm,"0,98","0,95","0,95",,,,,,,,,,
M31108,(fita tear pol.dupla face New Balance 72fios c/aux.ligamento),,12/09/2023,,,METRO,10mm,"0,78","0,76","0,76",,,,,,,,,,
M31117,(fita tear 80 fios pol.tricolor FILA),,23/04/2024,,,METRO,12mm,"0,58","0,56","0,56",,,,,,,,,,
M31118,(fita tear 124fios pol.c/bordas bicolor c/goma ADIDAS),,16/05/2024,,,METRO,16mm,"1,51","1,47","1,47",,,,,,,,,,
M31119,(fita tear pol. Três cores Fila c/goma),,23/05/2024,,,METRO,10mm,"0,53","0,51","0,51",,,,,,,,,,
M31119,(fita tear 112fios pol. Três cores Fila),,23/05/2024,,,METRO,16mm,"0,76","0,74","0,74",,,,,,,,,,
M31119,(fita tear 112fios pol. Três cores Fila c/goma),,23/05/2024,,,METRO,16mm,"0,83","0,8","0,8",,,,,,,,,,
M31120,(fita tear 116fios pol.bicolor c/det.central c/goma Asics),,28/6/2024,,,METRO,14mm,"0,89","0,86","0,86",,,,,,,,,,
M31122,(fita tear 80fios pol.tricolor c/goma FILA),,11/7/2024,,,METRO,10mm,"0,64","0,62","0,62",,,,,,,,,,
M31122,(fita tear 80fios pol.tricolor c/goma FILA),,11/7/2024,,,METRO,12mm,"0,74","0,72","0,72",,,,,,,,,,
M31122,(fita tear 80fios pol.tricolor c/goma FILA),,11/7/2024,,,METRO,15mm,"0,94","0,91","0,91",,,,,,,,,,
M31123,(fita tear 104fios pol.com frizo cores New Balance),,22/11/2024,,,METRO,15mm,"0,88","0,85","0,85",,,,,,,,,,
M31126,(fita tear 86fios pol.bicolor c/goma FILA),,15/08/2024,,,METRO,12mm,"0,67","0,65","0,65",,,,,,,,,,
M31128,(fita tear 136fios poliéster e fio pol.brilhante c/goma Adidas),,05/03/2026,,,METRO,16mm,"1,18","1,14","1,14",,,,,,,,,,
M31130,(fita tear 128fios Polimp tingido meadas New Balance),,14/11/2024,,,METRO,18mm,"0,97","0,94","0,94",,,,,,,,,,
M31130,(fita tear 128fios Polimp tingido meadas New Balance),,14/11/2024,,,METRO,15mm,"0,87","0,84","0,84",,,,,,,,,,
M31132,(fita tear 84fios pol. Tubular s/ench. c/goma Nike),,29/01/2025,,,METRO,18mm,"1,04",1,1,,,,,,,,,,
M31132,(com desconto concedido 30/01/2025) (fita tear 84fios pol. Tubular s/ench. c/goma Nike),,30/01/2025,,,METRO,18mm,"0,96","0,93","0,93",,,,,,,,,,
M31134,(fita tear 93fios pol. c/borda3mm e centro 6mm c/goma Adidas),,09/06/2025,,,METRO,12mm,"0,72","0,7","0,7",,,,,,,,,,
M31135,(fita tear 132fios pol. c/2frizos meio New Balance),,21/07/2025,,,METRO,10mm,"0,74","0,72","0,72",,,,,,,,,,
M31136,(fita tear 64fios pol. Tricolor New Balance),,23/07/2025,,,METRO,8mm,"0,82","0,8","0,80",,,,,,,,,,
M31137,(fita tear 176 fios pol.brilhante Adidas),,31/03/2026,,,METRO,15mm,"1,07","1,04","1,04",,,,,,,,,,
M31137,(fita tear 176 fios pol.brilhante Adidas),,31/03/2026,,,METRO,17mm,"1,12","1,09","1,09",,,,,,,,,,
M31138,(fita tear 56 fios polimp c/goma c/fio auxiliar Adidas),,14/01/2026,,,METRO,12mm,"0,29","0,28","0,28",,,,,,,,,,
M31140,(fita tear 66 fios pol. Bicolor New Balance),,10/03/2026,,,METRO,10mm,"0,74","0,72","0,72",,,,,,,,,,
M31141,(fita tear 75fios pol. c/desenho pontilhado c/goma Fila),,13/05/2026,,,METRO,12mm,"0,62","0,6","0,60",,,,,,,,,,
M31143,(fita tear 54 fios pol. Bicolor  Fila),,13/05/2026,,,METRO,10mm,"0,41","0,4","0,40",,,,,,,,,,
M32107,(fita pol.tear bicolor FILA),,13/09/2022,,,METRO,16mm,"0,86","0,83","0,83",,,,,,,,,,
M32107,(fita pol.tear bicolor FILA),,13/09/2022,,,METRO,15mm,"0,81","0,79","0,79",,,,,,,,,,
M32112,(fita tear pol.168fios c/refletivo colado 5mm Fila),,05/12/2023,,,METRO,15mm,"2,9",,,,,,,,,,,,
M32142,(fita pol.tear c/cordão passador c/goma),,03/11/2021,,,METRO,10mm,"2,28","2,21","2,21",,,"2,58","2,5",,,,,,
M32142,(fita pol.tear c/cordão passador c/goma),,01/11/2022,,,METRO,10mm,"2,58","2,50","2,50",,,,,,,,,,
M32142,(preço novo informado em junho/2022) (fita pol.tear c/cordão passador c/goma),,02/06/2022,,,METRO,10mm,"2,58","2,50","2,50",,,,,,,,,,
M32164,(fita pol.c/goma pré-encolhimento),,12/01/2022,,,METRO,10mm,"0,64","0,62","0,62",,,"0,72","0,7",,,,,,
M32164,(fita pol.c/goma pré-encolhimento),,01/11/2022,,,METRO,10mm,"0,72","0,70","0,70",,,,,,,,,,
M32164,(fita pol.c/goma pré-encolhimento),,12/01/2022,,,METRO,12mm,"0,77","0,75","0,75",,,"0,86","0,83",,,,,,
M32164,(fita pol.c/goma pré-encolhimento),,01/11/2022,,,METRO,12mm,"0,86","0,83","0,83",,,,,,,,,,
M32164,(fita pol.c/goma pré-encolhimento),,12/01/2022,,,METRO,15mm,"0,96","0,93","0,93",,,"1,08","1,05",,,,,,
M32164,(fita pol.c/goma pré-encolhimento),,01/11/2022,,,METRO,15mm,"1,08","1,05","1,05",,,,,,,,,,
M32166,(fita poliéster),,1/3/2021,,,METRO,12mm,"0,51","0,49","0,49",,,,,,,,,,
M32166,(fita tear poliéster c/goma),,01/03/2021,,,METRO,12mm,"0,61","0,59","0,59",,,,,,,,,,
M32186,(fita tear pol.c/frizo 3mm cores c/goma Adidas),,14/10/2022,,,METRO,18mm,"1,10","1,07","1,07",,,,,,,,,,
M32188,(fita tear pol.cores),,12/01/2022,,,METRO,6mm,"0,48","0,47","0,47",,,,,,,,,,
M32189,(fita tear pol. Cores),,12/1/2022,,,METRO,18mm,"0,97","0,94","0,94",,,,,,,,,,
M32195,(fita tear pol.bicolor c/refletivo 3mm),,10/06/2021,,,METRO,15mm,"1,88",,,,,,,,,,,,
M32196,(fita pol.tear tricolor),,14/06/2021,,,METRO,15mm,"0,67","0,65","0,65",,,,,,,,,,
M32202,(fita tear pol.bicolor c/goma UMBRO),,14/09/2022,,,METRO,20mm,"1,46","1,42","1,42",,,,,,,,,,
M32207,(fita tear pol. c/friso meio 2mm),,13/09/2022,,,METRO,15mm,"1,13","1,10","1,10",,,,,,,,,,
M32207,(fita tear pol.c/friso meio 2mm C/GOMA),,13/09/2022,,,METRO,15mm,"1,34","1,29","1,29",,,,,,,,,,
M32207,(com desconto concedido 05/10/2022) (fita tear pol.c/friso meio 2mm C/GOMA),,05/10/2022,,,METRO,15mm,"1,23","1,19","1,19",,,,,,,,,,
M32209,(Fita tear pol.bicolor c/friso 2mm FILA),,15/12/2021,,,METRO,15mm,"0,70","0,68","0,68",,,,,,,,,,
M32211,(fita tear.pol.FILA c/dois frizo nas bordas),,10/03/2022,,,METRO,17mm,"0,86","0,83","0,83",,,,,,,,,,
M32211,(fita tear.pol.FILA c/dois frizo nas bordas),,10/03/2022,,,METRO,10mm,"0,54","0,52","0,52",,,,,,,,,,
M32211,(fita tear pol.Fila c/dois frizo bordas c/goma),,10/03/2022,,,METRO,10mm,"0,70","0,68","0,68",,,,,,,,,,
M32213,(fita tear pol.c/cordão passador c/goma),,05/04/2022,,,METRO,10mm,"2,51","2,44","2,44",,,,,,,,,,
M32214,(fita tear pol.c/três listras c/goma),,04/05/2022,,,METRO,15mm,"1,05","1,02","1,02",,,,,,,,,,
M32215,(fita tear pol.cores três listras),,06/05/2022,,,METRO,20mm,"1,05","1,02","1,02",,,,,,,,,,
M32216,(fita tear pol.bicolor FILA),,22/06/2022,,,METRO,10mm,"0,64","0,62","0,62",,,,,,,,,,
M32218,(fita tear pol. Fila c/cordão passador M9064),,23/08/2022,,,METRO,15mm,"3,28","3,18","3,18",,,,,,,,,,
M32222,(fita tear pol. Fila c/cordão passador M9091 c/goma),,21/06/2023,,,METRO,10mm,"2,78","2,7","2,70",,,,,,,,,,
M32227,(fita tear pol.Fila c/cordão passador M9064 c/goma),,21/06/2023,,,METRO,19mm,"2,24","2,18","2,18",,,,,,,,,,
M32230,(fita tear pol.128fios formato V New Balance),,05/12/2023,,,METRO,15mm,"1,01","0,98","0,98",,,,,,,,,,
M32231,(fita tera 52fios pol.+96fios PET borda calandrada),,11/08/2023,,,METRO,"18,5mm","1,18",,,,,,,,,,,,
M32241,(fita tear 124 fios pol. c/detalhe borda FILA),,30/03/2026,,,METRO,15mm,"0,91","0,88","0,88",,,,,,,,,,
M41462,(fita tear pol. Cores),,12/01/2022,,,METRO,12mm,"0,50","0,49","0,49",,,"0,6","0,58",,,,,,
M41462,(fita tear pol. Cores),,01/11/2022,,,METRO,12mm,"0,60","0,58","0,58",,,,,,,,,,
M41462,(fita tear pol. Cores c/goma),,12/01/2022,,,METRO,12mm,"0,65","0,63","0,63",,,"0,7","0,68",,,,,,
M41462,(fita tear pol. Cores c/goma),,01/11/2022,,,METRO,12mm,"0,70","0,68","0,68",,,,,,,,,,
M41463,,,12/01/2022,,,METRO,12mm,"0,50","0,49","0,49",,,,,,,,,,
M41463,(fita tear pol.bicolor New Balance),,01/04/2022,,,METRO,8mm,"0,78","0,76","0,76",,,,,,,,,,
M41463,(fita tear pol.bicolor New Balance),,01/04/2022,,,METRO,15mm,"1,46","1,42","1,42",,,,,,,,,,
M41467,(fita pol.c/goma pré-encilhimento),,29/03/2022,,,METRO,24mm,"2,20","1,14","1,14",,,,,,,,,,
M41467,(fita pol.c/goma pré-encilhimento),,29/03/2022,,,METRO,12mm,"1,10","1,07","1,07",,,,,,,,,,
M41476,(fita pol.normal),,01/03/2021,,,METRO,12mm,"0,57","0,55","0,55",,,"0,6","0,58",,,,,,
M41476,(fita pol.normal),,01/11/2022,,,METRO,12mm,"0,60","0,58","0,58",,,,,,,,,,
M41476,(ajustar preço a partir 09/2022) (fita pol.normal),,26/08/2022,01/09/2022,,METRO,12mm,"0,60","0,58","0,58",,,,,,,,,,
M41476,(fita tear pol. Cores c/goma),,26/08/2022,,,METRO,12mm,"0,69","0,67","0,67",,,,,,,,,,
M41484,(fita pol. Bicolor),,19/10/2020,,,METRO,8mm,"0,98","0,95","0,95",,,,,,,,,,
M41486,"(fita tear pol.nylon015 refletivo 0,5mm)",,14/06/2021,,,METRO,10mm,"4,08","3,96","3,96",,,"4,3","4,18",,,,,,
M41486,"(fita tear pol.nylon015 refletivo 0,5mm)",,01/11/2022,,,METRO,10mm,"4,30","4,18","4,18",,,,,,,,,,
M41495,(fita tear pol.tricolor),,12/01/2022,,,METRO,15mm,"0,94","0,91","0,91",,,,,,,,,,
M41495,(fita tear POLIMP tricolor),,10/06/2021,,,METRO,20mm,"0,72","0,70","0,70",,,,,,,,,,
M41512,(fita tear pol. Dupla face bicolor),,15/03/2022,,,METRO,5mm,"0,48","0,47","0,47",,,,,,,,,,
M41530,(fita tear nylon 015 sublimado dois lados FILA),,13/09/2022,,,METRO,12mm,"1,98",,,,,,,,,,,,
M41539,(fita tear pol. Sarjado tricolor Fila),,23/05/2023,,,METRO,16mm,"1,17","1,13","1,13",,,,,,,,,,
M41545,(fita tear 132fios Polimp sarjada calandrada New Balance),,29/05/2024,,,METRO,5mm,"0,28","0,27","0,27",,,,,,,,,,
M41545,(fita tear 132fios Polimp sarjada calandrada New Balance),,29/05/2024,,,METRO,10mm,"0,46","0,45","0,45",,,,,,,,,,
M41545,(fita tear 132fios Polimp sarjada calandrada New Balance),,29/5/2024,,,METRO,12mm,"0,54","0,52","0,52",,,,,,,,,,
M41546,(fita tear 92fios pol. c/reflet.6mm colado FILA),,06/05/2024,,,METRO,20mm,"3,98",,,,,,,,,,,,
M41547,"(fita tear 60fios pol.+5fios reflet.0,5mm New Balance)",,10/05/2024,,,METRO,12mm,"2,95",,,,,,,,,,,,
M41549,(fita tear 98 fios pol.+2fios refletivo 2mm c/goma Asics),,28/06/2024,,,METRO,14mm,"3,97",,,,,,,,,,,,
M41554,(fita tear 112fios helanca calandrado um lado New Balance),,14/10/2024,,,METRO,15mm,"1,08",,,,,,,,,,,,
M41555,(fita tear 72fios pol. Sublimada 1 lado Adidas),,16/10/2024,,,METRO,10mm,"0,51",,,,,,,,,,,,
M41560,"(fita tear 84fios pol.c/4fios refletivo 0,5mm Nem Balance)",,09/12/2025,,,METRO,12mm,"2,51",,,,,,,,,,,,
M41562,(fita tear 152fios pol.brilhante FILA AREZZO),,04/12/2025,,,METRO,15mm,"0,98","0,96","0,96",,,,,,,,,,
LEME,(elást. Poliam.c/elast. Escrita Fila),,01/03/2021,,,METRO,20mm,"3,30",,,,,,,,,,,,
MTM,(elást. Tear pol. Cores),,09/11/2022,,,METRO,6mm,"0,66","0,64","0,64",,,,,,,,,,
MTM,(elást.tear fio pol. Cores),,18/06/2025,,,PAR,100cm,"1,38","1,34","1,34",,,,,,,,,,
MTM,(elást. Tear pol. Cores),,01/02/2021,,,METRO,40mm,"5,00",,,,,,,,,,,,
M2140,"(elás.red.2,5mm ponteirado)",,01/03/2021,,,PEÇA,100cm,"1,75","1,70","1,70",,,"2,01","1,95",,,,,,
M2140,"(elás.red.2,5mm ponteirado)",,01/11/2022,,,PEÇA,100cm,"2,01","1,95","1,95",,,,,,,,,,
M2140,"(elás.red.2,5mm p/mt preço novo)",,15/12/2020,,,METRO,,,"0,90","0,90",,,"0,98","0,95",,,,,,
M2140,"(elás.red.2,5mm p/mt preço novo)",,1/11/2022,,,METRO,,"0,98","0,95","0,95",,,,,,,,,,
M2140,"(elás.red.2,5mm p/mt preço novo)",,01/03/2021,,,PAR,100cm,"1,01","0,98","0,98",,,,,,,,,,
M2171,(Elas.tear tipo MTM pol.sublimado um lado),,12/08/2022,,,METRO,50mm,"6,30",,,,,,,,,,,,
M21047,(fita tear elastano c/80fios  c/friso cores Umbro),,08/08/2024,,,METRO,15mm,"1,58","1,54","1,54",,,,,,,,,,
M21048,"(elást.red.2,5mm tranç.16f.)",,07/12/2021,,,PAR,100cm,"1,96","1,90","1,90",,,"2,01","1,95",,,,,,
M21048,"(elást.red.2,5mm tranç.16f.)",,01/11/2022,,,PAR,100cm,"2,01","1,95","1,95",,,,,,,,,,
M21048,"(elást.red.2,5mm tranç.16f.)",,07/12/2021,,,METRO,,"0,99","0,96","0,96",,,,,,,,,,
M21101,(elást.tear corers 6mm),,01/03/2021,,,METRO,6mm,"0,98","0,95","0,95",,,,,,,,,,
M21103,(elást.tear pol.cores),,01/03/2021,,,METRO,6mm,"0,98","0,95","0,95",,,,,,,,,,
M21103,(elast.tear pol. Cores diversas),,01/03/2021,,,METRO,15mm,"2,22",,,,,,,,,,,,
M21103,(elásti.tear pol.cores diversas),,01/03/2021,,,METRO,20mm,"2,92",,,,,,,,,,,,
M21180,"(elásti.redondo 2,5mm bicolor ponteirado)",,07/08/2023,,,PAR,100cm,"2,01","1,95","1,95",,,,,,,,,,
M21147,(elást.tear pol.c/goma pré-encolh.),,08/06/2021,,,METRO,65mm,"12,80",,,,,,,,,,,,
M21147,(elást.tear pol.c/goma pré-encolh.),,08/06/2021,,,METRO,70mm,"13,80",,,,,,,,,,,,
M21147,(elást.tear pol.c/goma pré-encolh.),,08/06/2021,,,METRO,50mm,"9,90",,,,,,,,,,,,
M21193,(Elást.tranç.16fu.redondo 2fios pol.p/esp.multicores Fila),,26/03/2025,,,METRO,4mm,"1,56","1,52","1,52",,,,,,,,,,
M21193,(com desconto concedido) (Elást.tranç.16fu.redondo 2fios pol.p/esp.multicores Fila),,26/03/2025,,,METRO,4mm,"1,44","1,4","1,40",,,,,,,,,,
M21194,(Elást.tranç.16fu.redondo 2fios pol.p/esp.multicores Fila),,26/03/2025,,,METRO,3mm,"0,99","0,96","0,96",,,,,,,,,,
M21194,(com desconto concedido) (Elást.tranç.16fu.redondo 2fios pol.p/esp.multicores Fila),,26/03/2025,,,METRO,3mm,"0,91","0,88","0,88",,,,,,,,,,
J31118,(Elást.tear pol.96fios +17bor.revest. Calandr.personali.FILA),,20/05/2024,,,METRO,18mm,"4,19",,,,,,,,,,,,
M9063-E,"(cord.tranc.16f.pol.1,3mm engomad)",,01/03/2021,,,METRO,"1,3mm","0,50","0,49","0,49",,,,,,,,,,
M9077,"(cord.tranç.16f.pol.1,5mm)",,01/03/2021,,,METRO,"1,5mm","0,50","0,49","0,49",,,,,,,,,,
M9089,"(fio PET reciclado 1,8mm cru Nike)",,09/01/2023,,,METRO,"1,8mm","0,50",,,,,,,,,,,,
M9094,(cadarço c/fio retorcido PET NE 14/2 MAXITEX P/NIKE),,08/07/2024,,,METRO,,"0,50",,,,,,,,,,,,
M9098,"(cad.tranç.16fu.2 e 1 fio pol. p/espula 1,5mm Asics)",,01/08/2025,,,METRO,"1,5mm","0,45","0,44","0,44",,,,,,,,,,
M9099,"(cad.tranç.16fu.1 e 2 fio pol.p/espula 1,8mm c/dois enchimento Asics)",,25/03/2026,,,METRO,"1,8mm","0,37","0,36","0,36",,,,,,,,,,
M90100,"(cad.tranç.16fu. 2fios pol.p/espula 2,5mm espessura Fila)",,14/05/2026,,,PAR,100cm,"0,89","0,86","0,86",,,,,,,,,,
M6034,(cad.tranç.48fu.fio 30/2 fiado FILA),,19/07/2021,,,PAR,100cm,"1,64","1,59","1,59",,,"1,74","1,69",,,,,,
M6034,(cad.tranç.48fu.fio 30/2 fiado FILA),,01/11/2022,,,PAR,100cm,"1,74","1,69","1,69",,,,,,,,,,
M6083,(cad.tranç.48fu.fio 30/2 fiado Asics 6mm),,27/06/2023,,,PAR,100cm,"1,34","1,3","1,30",,,,,,,,,,
M6086,(cad.tranç.40fu. 2fios 30/2 p/espula (produzir amostra maq.48fu.),,12/01/2022,,,PAR,100cm,"1,18",,,,,"1,32","1,28",,,,,,
M6086,(cad.tranç.40fu. 2fios 30/2 p/espula (produzir amostra maq.48fu.),,01/11/2022,,,PAR,100cm,"1,32","1,28","1,28",,,,,,,,,,
M6086,(com desconto concedito 25/03/2026) (cad.tranç.40fu. 2fios 30/2 p/espula (produzir amostra maq.48fu.),,25/3/2026,,,PAR,100cm,"1,24","1,2","1,20",,,,,,,,,,
3000/2-32,(ca.tranç.32fu.2fios pol.p/espu. c/ench.),,08/05/2025,,,PAR,100cm,"1,12","1,09","1,09",,,,,,,,,,
3000/4 TA,"(cad.tranç.16fu.pol.3,0mm cores)",,14/06/2021,,,METRO,,"0,73",,,,,,,,,,,,
3000/6,"(cad.tranç.16fu.pol.4,0mm cores)",,12/01/2022,,,PAR,100cm,"0,91","0,89","0,89",,,"0,96","0,93",,,,,,
3000/6,"(cad.tranç.16fu.pol.4,0mm cores)",,01/11/2022,,,PAR,100cm,"0,96","0,93","0,93",,,,,,,,,,
6AL,,,12/01/2022,,,PAR,100cm,"0,51","0,50","0,50",,,"0,59","0,58",,,,,,
6AL,,,01/11/2022,,,PAR,100cm,"0,59","0,58","0,58",,,,,,,,,,
6AL-N,,,12/01/2022,,,PAR,100cm,"0,53","0,51","0,51",,,"0,62","0,6",,,,,,
6AL-N,,,01/11/2022,,,PAR,100cm,"0,62","0,60","0,60",,,,,,,,,,
6AL-F,,,12/01/2022,,,PAR,100cm,"0,57","0,55","0,55",,,"0,66","0,63",,,,,,
6AL-F,,,01/11/2022,,,PAR,100cm,"0,66","0,63","0,63",,,,,,,,,,
M13054,,,12/01/2022,,,PAR,100cm,"0,70","0,68","0,68",,,"0,78","0,76",,,,,,
M13054,,,01/11/2022,,,PAR,100cm,"0,78","0,76","0,76",,,,,,,,,,
M13119 6mm,(cad.tranç.32f.pol.cores),,12/01/2022,,,PAR,100cm,"0,86","0,83","0,83",,,,,,,,,,
M13130,,,12/1/2022,,,PAR,100cm,"0,72","0,70","0,70",,,,,,,,,,
M13459,(cad.tranç.32fu.pol. Bicolor FILA),,26/11/2021,,,PAR,100cm,"1,20","1,16","1,16",,,,,,,,,,
M13461,(cad.tranç.32fu.5fios pol. p/espulas 10mm New Balance),,12/09/2025,,,PAR,100cm,"1,64","1,59","1,59",,,,,,,,,,
M13476,(cad.tranç.32fu.pol.bicolor 6mm),,12/05/2022,,,PAR,100cm,"1,05","1,02","1,02",,,,,,,,,,
M13547,(cad.tranç.32fus.pol.color),,01/03/2021,,,PAR,100cm,"1,06","1,03","1,03",,,,,,,,,,
M13562,(cad.tranç.32fu.2fios pol.p/espula 4mm Adidas),,28/05/2025,,,PAR,100cm,"1,31","1,28","1,28",,,,,,,,,,
M13625,(cad.tranç.32fu.pol.redond.bic.Umbro),,12/01/2022,,,PAR,100cm,"1,02","0,99","0,99",,,,,,,,,,
M13675,"(cad.tranç.32fu.pol. 12 fios reflet.0,5mm)",,27/06/2022,,,PAR,100cm,"11,80","11,45","11,45",,,,,,,,,,
M13675,"(cad.tranç.32fu.pol. 12 fios reflet.0,5mm)",,27/06/2022,,,METRO,,"5,85","5,70","5,70",,,,,,,,,,
M13676,(cad.tranç.32f.pol.red.bicolor Fila),,23/03/2022,,,PAR,100cm,"1,11","1,08","1,08",,,"1,27","1,24",,,,,,
M13676,(cad.tranç.32f.pol.red.bicolor Fila),,01/11/2022,,,PAR,100cm,"1,27","1,24","1,24",,,,,,,,,,
M13676,(ajustar preço do cadarço a partir junho/2022) (cad.tranç.32f.pol.red.bicolor Fila),,01/06/2022,,,PAR,100cm,"1,27","1,24","1,24",,,,,,,,,,
M13706,(cad.tranç.32fu.pol.tub.4fios espu.bicol),,30/03/2022,,,PAR,100cm,"1,56","1,52","1,52",,,,,,,,,,
M13706,(desconto concedido 03/04/2024) (cad.tranç.32fu.pol.tub.4fios espu.bicol),,03/04/2024,,,PAR,100cm,"1,54","1,50","1,50",,,,,,,,,,
M13723,(cad.tranç.32fu.pol.chato monocolor 6mm),,24/03/2023,,,PAR,100cm,"1,64","1,59","1,59",,,,,,,,,,
M13723,(preço ajustado desconto 30/03/2023) (cad.tranç.32fu.pol.chato monocolor 6mm),,30/03/2023,,,PAR,100cm,"0,62","0,6","0,60",,,,,,,,,,
M13724,(cad.tranç.32fu.pol.chato c/detalhe 6mm),,24/03/2023,,,PAR,100cm,"0,72","0,7","0,70",,,,,,,,,,
M13724,(preço ajustado desconto 30/03/2023) (cad.tranç.32fu.pol.chato c/detalhe 6mm),,30/03/2023,,,PAR,100cm,"0,62","0,6","0,60",,,,,,,,,,
M13725,(cad.tranç.32fu.pol.redondo monocolor ),,24/03/2023,,,PAR,100cm,"0,82","0,8","0,80",,,,,,,,,,
M13725,(preço ajustado desconto 30/03/2023) (cad.tranç.32fu.pol.redondo monocolor ),,30/03/2023,,,PAR,100cm,"0,75","0,73","0,73",,,,,,,,,,
M13727,(cad.tranç.32fu.pol.redondo c/detalhe),,24/03/2023,,,PAR,100cm,"0,82","0,8","0,80",,,,,,,,,,
M13727,(preço ajustado desconto 30/03/2023) (cad.tranç.32fu.pol.redondo c/detalhe),,30/03/2023,,,PAR,100cm,"0,75","0,73","0,73",,,,,,,,,,
M13734,"(cad.tranç.32fu.pol.redondo com ench.2fios refl.0,5mm)",,05/06/2023,,,PAR,100cm,"3,15","3,06","3,06",,,,,,,,,,
M13739,(cad.tranç.32fu.pol.chato tubular 3 fios p/espulas),,05/07/2023,,,PAR,100cm,"1,25","1,22","1,22",,,,,,,,,,
M13739,(desconto realizado 20/07/2023) (cad.tranç.32fu.pol.chato tubular 3 fios p/espulas),,20/07/2023,,,PAR,100cm,"1,2","1,16","1,16",,,,,,,,,,
M13741,(cad.tranç.32fu.2/3fios pol.2x76/36KS-SF Asics),,29/02/2024,,,PAR,100cm,"0,74","0,72","0,72",,,,,,,,,,
M13741,(c/desconto concedido) (cad.tranç.32fu.2/3fios pol.2x76/36KS-SF Asics),,29/02/2024,,,PAR,100cm,"0,72","0,7","0,70",,,,,,,,,,
M13750,(cad.tranç.32fu.2fios p/esp.pol.c/ench. Adidas),,29/02/2024,,,PAR,100cm,"1,18","1,14","1,14",,,,,,,,,,
M13757,(cad.tranç.32fus. 4 fios pol.BT p/espula ASICS),,16/05/2024,,,PAR,100cm,"0,89","0,86","0,86",,,,,,,,,,
M13758,(cad.tran.32fu. 3fios pol. p/esuplas New Balance),,29/05/2024,,,PAR,100cm,"1,26","1,23","1,23",,,,,,,,,,
M13761,(cad.tranç.32fu.2fios pol.p/espulas bicolor Adidas),,14/08/2024,,,PAR,100cm,"1,38","1,34","1,34",,,,,,,,,,
M13762,(cad.tranç.32fu.2fios pol.p/esp.c/ponteira personal.Umbro),,12/02/2025,,,PAR,100cm,"0,94","0,91","0,91",,,,,,,,,,
M13768,(cad.tranç.32fu.4fios p/espulas c/pont.personalizada Umbro),,07/11/2024,,,PAR,100cm,"1,64","1,59","1,59",,,,,,,,,,
M13769,(cad.tranç.32fu.2fios p/esp. Pol.Umbro c/pont.personalizada),,28/11/2024,,,PAR,100cm,"1,05","1,02","1,02",,,,,,,,,,
M13772,(cad.tranç.32fu.2fios p/esp. Pol. Bicolor Asics),,28/02/2025,,,PAR,100cm,"1,26","1,22","1,22",,,,,,,,,,
M13780,(cad.tranç.32fu.2 e 1 fios pol. p/espula New Balance),,22/09/2025,,,PAR,100cm,"1,14","1,09","1,09",,,,,,,,,,
M13789,(cad.tran;32f.2fios pol.p/espu.4mm c/2espu.lurex c/pont.personalizada Umbro),,31/07/2025,,,PAR,100cm,"0,84",,,,,,,,,,,,
M13795,(cad.tranç.32fu.1fio pol.brilh.p/espula FILA AREZZO),,04/12/2025,,,PAR,100cm,"1,03",1,"1,00",,,,,,,,,,
M13796,"(cad.tranç.32fu.pol.c6fios refletivo 0,5mm 6mm Osklen)",,14/01/2026,,,PAR,100cm,"3,86",,,,,,,,,,,,
M60109,(cad.tranç.48fu.fio 30/2 fiado pol.8mm New Balance),,17/05/2023,,,PAR,100cm,"1,32","1,28","1,28",,,,,,,,,,
M60123,(cad.tranç.48fu.2 e 3fios 30/2fiado 10mm New B. normal),,17/09/2024,,,PAR,100cm,"1,88","1,82","1,82",,,,,,,,,,
M60123,(cad.tranç.48f.2 e 3fios 30/2 fiado 10mm New B.c/goma),,17/09/2024,,,PAR,100cm,"2,16","2,1","2,10",,,,,,,,,,
M60126,(cad.tranç.48fu.2fios 30/2fiado p/esp. 6mm Adidas),,02/12/2024,,,PAR,100cm,"1,18","1,15","1,15",,,,,,,,,,
M60126,(c/desconto concedido) (cad.tranç.48fu.2fios 30/2fiado p/esp. 6mm Adidas),,17/03/2026,,,PAR,100cm,"1,12","1,09","1,09",,,,,,,,,,
M60127,(cad.tranç.48fu.2fios 30/2 pol.fiado p/espul.8mm New Balanc.),,09/12/2024,,,PAR,100cm,"1,42","1,38","1,38",,,,,,,,,,
M60128,(cad.tranç.48fu.2fios p/esp.30/2 fiado 8mm New Balance),,20/01/2025,,,PAR,100cm,"1,42","1,38","1,38",,,,,,,,,,
M60132,(cad.tranç.48fu.1fio p/espu.30/2 fiado 5mm Fila),,09/05/2025,,,PAR,100cm,"0,82","0,8","0,80",,,,,,,,,,
M15033 8mm,(cad.tranç.48fu.pol.cores),,01/03/2021,,,PAR,100cm,"1,33","1,29","1,29",,,,,,,,,,
M15041,(cad.tranç.48fu. Pol.cores pont.colorida),,24/05/2022,,,PAR,100cm,"1,40","1,36","1,36",,,,,,,,,,
M15041,(cad.tranç.48fu.pol.cores pont.transparente),,24/05/2022,,,PAR,100cm,"1,30","1,26","1,26",,,,,,,,,,
M15070 5mm,(tranç.48fu.Reflexx),,12/01/2022,,,PAR,100cm,"0,86","0,83","0,83",,,,,,,,,,
M15097,(cad.tranç.48fu.2fios p/esp.30/2 10mm New Balance),,07/04/2025,,,PAR,100cm,"1,37","1,33","1,33",,,,,,,,,,
M15101,(cad.tranç.48fu.pol. Cores 8mm New Balance),,31/03/2023,,,PAR,100cm,"1,42","1,38","1,38",,,,,,,,,,
M15101,(desconto concedido 23/05/2023) (cad.tranç.48fu.pol. Cores 8mm New Balance),,23/05/2023,,,PAR,100cm,"1,20","1,16","1,16",,,,,,,,,,
M15103,(cad.tranç.48fu.pol. 4fios p/espula 16mm Fila),,31/03/2023,,,PAR,100cm,"2,68","2,60","2,60",,,,,,,,,,
M15107,(cad.tranç.48fu.pol.cores 2x2 7mm New Balance),,11/07/2023,,,PAR,100cm,"1,26","1,22","1,22",,,,,,,,,,
M15120,(cad.tranç.48fu.2fios pol.p/espula 8mm New Balance),,01/10/2025,,,PAR,100cm,"0,94","0,91","0,91",,,,,,,,,,
M15122,(cad.tranç.48fu.3fios p/espula 15mm multicores ADIDAS),,31/03/2026,,,PAR,100cm,"2,16","2,09","2,09",,,,,,,,,,
M16084,(cad.tranç.16fu.pol.bicolor 3fios p/esp.),,07/11/2023,,,PAR,100cm,"1,16","1,13","1,13",,,,,,,,,,
M16217,(cad.tranç.roletex fio pol. Dass Saudades),,09/01/2023,,,PAR,100cm,"0,39",,,,,,,,,,,,
M16228,(cad.tranç.17fus.pol.16mm Fila prod.somente Rebona),,18/05/2023,,,PAR,100cm,"1,58",,,,,,,,,,,,
M16238,(cad.tranç.16fu.3fios pol.p/espula bicolor Fila igual3000/6),,25/04/2024,,,PAR,100cm,"0,98","0,95","0,95",,,,,,,,,,
M16240,(cad.tranç.17fu.6fios pol.p/espula multicores FILA),,13/05/2024,,,PAR,100cm,"1,35",,,,,,,,,,,,
M16241,(cad.tranç.16fu.3fios p/esp. 4mm bicolor Adidas),,25/11/2024,,,PAR,100cm,"1,28","1,24","1,24",,,,,,,,,,
M16245,(cad.tranç.16fu.2fios p/esp.bicolor Asics),,26/11/2024,,,METRO,,"0,53","0,51","0,51",,,,,,,,,,
M16245,(cad.tranç.16fu.2fios p/esp.bicolor Asics),,26/11/2024,,,PAR,100cm,"1,08","1,05","1,05",,,,,,,,,,
M16249,(cad.tranç.16fu.3fios pol.p/esp. Redondo c/ench.),,19/02/2025,,,PAR,100cm,"1,16","1,13","1,13",,,,,,,,,,
M16252,(cad.tranç.17fu. 3fos por espula 8mm New Balance),,29/04/2026,,,PAR,100cm,"1,19",,,,,,,,,,,,
M16257,(cad.tranç.16fus.3fios pol.atoalhada p/esp.red.s/ench.Fila),,21/11/2025,,,PAR,100cm,"1,78","1,73","1,73",,,,,,,,,,
M18006,(cad.tranç.32fu.pol.cores Asics),,14/04/2023,,,PAR,100cm,"1,32","1,28","1,28",,,,,,,,,,
M18006,(desconto concedido 03/04/2024) (cad.tranç.32fu.pol.cores Asics),,03/04/2024,,,PAR,100cm,"1,28","1,24","1,24",,,,,,,,,,
M18006,(desconto concedido 11/03/2025) (cad.tranç.32fu.pol.cores Asics),,11/03/2025,,,PAR,100cm,"1,12","1,10","1,10",,,,,,,,,,
M18011,(cad.tranç.32fu.pol.cores),,01/03/2021,,,PAR,100cm,"0,84","0,82","0,82",,,,,,,,,,
M1308,(cad.tear poliéster sublimado dois lados 8mm FILA),,22/04/2026,,,PAR,100cm,"1,06",,,,,,,,,,,,
M10046,,,12/01/2022,,,PAR,100cm,"0,76","0,74","0,74",,,"0,86","0,83",,,,,,
M10046,,,01/11/2022,,,PAR,100cm,"0,86","0,83","0,83",,,,,,,,,,
M10110,,,12/01/2022,,,PAR,100cm,"0,55","0,53","0,53",,,"0,62","0,6",,,,,,
M10110,,,01/11/2022,,,PAR,100cm,"0,62","0,60","0,60",,,,,,,,,,
M10111,,,12/01/2022,,,PAR,100cm,"0,55","0,53","0,53",,,"0,62","0,6",,,,,,
M10111,,,01/11/2022,,,PAR,100cm,"0,62","0,60","0,60",,,,,,,,,,
M10123,(cad.tear pol.tub.bicolor 4mm),,01/03/2021,,,PAR,100cm,"0,52","0,51","0,51",,,,,,,,,,
M10147,(cad.tear 58fios Polimp c/ench. 6mm Adidas),,14/08/2025,,,PAR,100cm,"1,06","1,03","1,03",,,,,,,,,,
M10148,(cad.tear 92fios polimp tingido meadas c/30fios polimp 6mm ADIDAS),,22/05/2026,,,PAR,100cm,"1,1","1,07","1,07",,,,,,,,,,
M12109 6mm,(cad.tear REFLEXX),,12/01/2022,,,PAR,100cm,"0,88","0,85","0,85",,,,,,,,,,
M12109 8mm,(cad.tear REFLEXX),,12/01/2022,,,PAR,100cm,"0,96","0,93","0,93",,,,,,,,,,
M12109 8mm,(desconto concedido 03/04/2024) (cad.tear REFLEXX),,03/04/2024,,,PAR,100cm,"0,95","0,92","0,92",,,,,,,,,,
M12109,(cad.tear poliéster normal 8mm),,12/01/2022,,,PAR,100cm,"0,94","0,91","0,91",,,,,,,,,,
M12125 6mm,(cad.tear poliéster),,01/03/2021,,,PAR,100cm,"0,80","0,78","0,78",,,,,,,,,,
M12126,(cad.tear pol.6mm acetato colorido),,11/05/2022,,,PAR,100cm,"1,26","1,22","1,22",,,,,,,,,,
M12176,(cad.tear 48fios pol. 5mm tubular sarjado s/ench.Nike),,12/11/2024,,,PAR,100cm,"0,69","0,67","0,67",,,,,,,,,,
M12183,(cad. Tear 72fios pol.reflexx 6mm Adidas),,26/08/2025,,,PAR,100cm,"0,8","0,78","0,78",,,,,,,,,,
M12191,(cad.tear 96 fios pol. Sarjado 7mm Osklen),,07/04/2026,,,PAR,100cm,"1,26","1,22","1,22",,,,,,,,,,
M15118,(cad.tranç.48fu. 2fios pol.p/espula 8mm bicolor UMBRO),,15/7/2025,,,PAR,100cm,"1,24","1,2","1,20",,,,,,,,,,
M21020 6mm,(cad.tear reflexx/Polimp),,12/01/2022,,,PAR,100cm,"0,58","0,56","0,56",,,"0,68","0,66",,,,,,
M21020 6mm,(cad.tear reflexx/Polimp),,01/11/2022,,,PAR,100cm,"0,68","0,66","0,66",,,,,,,,,,
M21020,(cad.tear fio reflexx 6mm New Balance),,01/04/2022,,,PAR,100cm,"0,84","0,82","0,82",,,,,,,,,,
M21020,(cad.tear fio Relfexx 8mm),,12/01/2022,,,PAR,100cm,"0,68","0,66","0,66",,,"0,78","0,76",,,,,,
M21020,(cad.tear fio Relfexx 8mm),,01/11/2022,,,PAR,100cm,"0,78","0,76","0,76",,,,,,,,,,
M21042,(cad.helanca pontilhado),,01/03/2021,,,PAR,100cm,"1,12","1,09","1,09",,,,,,,,,,
M21056,(cad.tear 72fios helanca cores 6mm Fila),,08/11/2024,,,PAR,100cm,"1,16","1,13","1,13",,,,,,,,,,
M22013,(cad.tear pol.tubular pontilhado 6mm FILA),,05/09/2022,,,METRO,,"0,49","0,48","0,48",,,,,,,,,,
M22013,(cad.tear pol.tubular pontilhado 6mm FILA),,05/09/2022,,,PAR,100cm,"1,02","0,99","0,99",,,,,,,,,,
M22031,(cad. Fio reflexx),,12/01/2022,,,PAR,100cm,"0,70","0,68","0,68",,,"0,81","0,79",,,,,,
M22031,(cad. Fio reflexx),,01/11/2022,,,PAR,100cm,"0,81","0,79","0,79",,,,,,,,,,
M22031,(desconto concedido 03/04/2024) (cad. Fio reflexx),,03/04/2024,,,PAR,100cm,"0,8","0,78","0,78",,,,,,,,,,
M22034,(cad. Helanca c/4 pontilh.),,01/11/2021,,,PAR,100cm,"1,25","1,21","1,21",,,"1,42","1,38",,,,,,
M22034,(cad. Helanca c/4 pontilh.),,01/11/2022,,,PAR,100cm,"1,42","1,38","1,38",,,,,,,,,,
M22034,(ajustar preço a partir de 05/2022) (cad. Helanca c/4 pontilh.),,01/05/2022,,,PAR,100cm,"1,42","1,38","1,38",,,,,,,,,,
M22037,(cad.tear reflexx tub.c/detalhe),,12/01/2022,,,PAR,100cm,"0,70","0,68","0,68",,,"0,78","0,76",,,,,,
M22037,(cad.tear reflexx tub.c/detalhe),,01/11/2022,,,PAR,100cm,"0,78","0,76","0,76",,,,,,,,,,
M22037,(desconto concedido 03/04/2024) (cad.tear reflexx tub.c/detalhe),,03/04/2024,,,PAR,100cm,"0,77","0,75","0,75",,,,,,,,,,
M22043,(cad.tear fio helanca 6mm pontilh.),,01/11/2021,,,PAR,100cm,"1,55","1,50","1,50",,,"1,68","1,63",,,,,,
M22043,(cad.tear fio helanca 6mm pontilh.),,01/11/2022,,,PAR,100cm,"1,68","1,63","1,63",,,,,,,,,,
M22053,"(cad.tear REFLEXX tubul.c/4 fios reflet.0,5mm)",,05/07/2022,,,PAR,100cm,"4,52","4,40","4,40",,,,,,,,,,
M22060,(cad.tear fio Reflexx 2x76/36 KS SF tub.s/ench.6mm),,24/03/2023,,,PAR,100cm,"0,72","0,7","0,70",,,,,,,,,,
M22061,(cad.tear Reflexx 2x167/48 tub.s/ench.6mm Asics),,16/05/2023,,,PAR,100cm,"0,78","0,76","0,76",,,,,,,,,,
M22066,(cad.tear pol.80fios tubular bicolor Osklen 8mm),,13/12/2023,,,PAR,100cm,"1,04","1,01","1,01",,,,,,,,,,
M22069,(cad.tear 56fios reflexx tubular s/ench. Pont. 6mm Asics),,25/06/2024,,,PAR,100cm,"0,9","0,88","0,88",,,,,,,,,,
M22073,(cad.tear 72fios pol. c/tramador duplo Nike),,25/06/2025,,,PAR,100cm,"0,98",,,,,,,,,,,,
M22073,(cad.tear 72fios pol.c/tramador duplo bco sacos separ.Nike),,25/06/2025,,,PAR,100cm,"1,01",,,,,,,,,,,,
M22074,(cad.tear 64 fios POLIMP ting.meadas tubular s/ench.6mm Adidas),,16/07/2025,,,PAR,100cm,"0,76","0,74","0,74",,,,,,,,,,
M29045,(cad. Tranç.retorcedeira 60fios pol. Adidas),,18/06/2025,,,PAR,100cm,"2,3",,,,,,,,,,,,
Dunas Fila,(cad.tear jacquar FILA 8mm),,08/11/2020,,,PAR,100cm,"1,38",,,,,,,,,,,,
J31165,(cad.tear pol.tubular desenho V Fila 6mm),,13/12/2023,,,PAR,100cm,"1,46","1,42","1,42",,,,,,,,,,
MR100.001,(fita tear reciclado normal MFGP),,10/12/2020,,,METRO,10mm,"0,60","0,58","0,58",,,,,,,,,,
MR100.001,(fita tear reciclado normal MFGP),,10/12/2020,,,METRO,16mm,"0,96","0,93","0,93",,,,,,,,,,
MR100.001,(fita tear reciclado normal MFGP),,11/12/2021,,,METRO,20mm,"1,20","1,16","1,16",,,,,,,,,,
MR100.001,(fita tear reciclado normal MFGP),,10/12/2020,,,METRO,24mm,"1,44","1,39","1,39",,,,,,,,,,
MR100.001,(fita tear reciclado normal MFGP),,10/12/2020,,,METRO,25mm,"1,50","1,46","1,46",,,,,,,,,,
MR100.001,(fita recicl.c/goma pré-encol.MFGP),,22/10/2021,,,METRO,10mm,"0,85","0,82","0,82",,,,,,,,,,
MR100.001,(fita recicl.c/goma pré-encol.MFGP),,10/12/2020,,,METRO,15mm,"1,17","1,13","1,13",,,,,,,,,,
MR100.001,(fita recicl.c/goma pré-encol.MFGP),,22/02/2022,,,METRO,16mm,"1,42","1,38","1,38",,,,,,,,,,
MR100001,(pol.rec.c/goma pre-enc),,10/12/2020,,,METRO,18mm,"1,41","1,36","1,36",,,,,,,,,,
MR100001,(pol.rec.c/goma pre-enc),,10/12/2020,,,METRO,20mm,"1,57","1,52","1,52",,,,,,,,,,
MR100001,(pol.rec.c/goma pre-enc),,10/12/2020,,,METRO,24mm,"1,88","1,82","1,82",,,,,,,,,,
MR100001,(pol.rec.c/goma pre-enc),,01/11/2022,,,METRO,25mm,"2,22","2,15","2,15",,,,,,,,,,
MR100.002,(fita pol.cores MFG),,10/12/2020,,,METRO,8mm,"0,46","0,45","0,45",,,,,,,,,,
MR100.002,(fita pol.cores MFG),,10/12/2020,,,METRO,10mm,"0,58","0,56","0,56",,,,,,,,,,
MR100.002,(fita pol.cores MFG),,10/12/2020,,,METRO,12mm,"0,70","0,68","0,68",,,,,,,,,,
MR100.002,(fita tear recicl. c/goma pré-encolh.MFG),,10/12/2020,,,METRO,10mm,"0,82","0,80","0,80",,,,,,,,,,
MR100.002,(fita tear recicl. c/goma pré-encolh.MFG),,10/12/2020,,,METRO,18mm,"1,48","1,44","1,44",,,,,,,,,,
MR100.002,(fita tear recicl. c/goma pré-encolh.MFG),,10/12/2020,,,METRO,25mm,"2,05","1,99","1,99",,,,,,,,,,
MR100.003,(fita tear dupla face M41468),,11/02/2021,,,METRO,18mm,"2,20","2,13","2,13",,,,,,,,,,
MR100.004,(fita fio PET Reciclado c/goma M41411),,15/02/2021,,,METRO,12mm,"0,98","0,95","0,95",,,,,,,,,,
MR100.004,(fita fio PET Reciclado c/goma M41411),,15/02/2021,,,METRO,10mm,"0,82","0,80","0,80",,,,,,,,,,
MR100.005,(fita tear fio PET Reciclado cores),,26/04/2022,,,METRO,10mm,"0,82","0,80","0,80",,,,,,,,,,
MR100.005,(fita tear fio PET Reciclado cores),,26/4/2022,,,METRO,40mm,"3,28","3,20","3,20",,,,,,,,,,
MR100.006,(fita tear fio nylon 015 c/recicl.trama),,13/05/2021,,,METRO,10mm,"0,92",,,,,"1,05",,,,,,,
MR100.006,(fita tear fio nylon 015 c/recicl.trama),,01/11/2022,,,METRO,10mm,"1,05",,,,,"1,05",,,,,,,
MR100.008,(fita tear fio pet bicolor c/goma M32186),,13/7/2021,,,METRO,18mm,,"1,48","1,48",,,,,,,,,,
MR100.010,(fita tear c/pré-encolhi.M41467),,11/02/2021,,,METRO,18mm,"1,31","1,27","1,27",,,,,,,,,,
MR100.010,(fita tear c/pré-encolhi.M41467),,11/02/2021,,,METRO,22mm,"1,60","1,55","1,55",,,,,,,,,,
MR100.010,(fita tear c/pré-encolhi.M41467),,11/02/2021,,,METRO,24mm,"1,74","1,69","1,69",,,,,,,,,,
MR100.010,(fita tear c/pré-encolhi.M41467),,11/02/2021,,,METRO,30mm,"2,18","2,11","2,11",,,,,,,,,,
MR100.011,(fita c/cordão passador M32142),,11/02/2021,,,METRO,15mm,"3,06","2,97","2,97",,,,,,,,,,
MR100.012,(fita tear cores M4196),,11/02/2021,,,METRO,14mm,"1,22","1,18","1,18",,,,,,,,,,
MR100.013,(fita tear dupla face c/goma M41468),,11/02/2021,,,METRO,20mm,"3,18","3,09","3,09",,,,,,,,,,
MR100.020,(fita tear fio PET c/goma pré-encolhim.),,29/11/2021,,,METRO,10mm,"1,37","1,33","1,33",,,,,,,,,,
MR100.020,(fita anterior J31124 pol.) Dass Adidas) (fita tear fio PET c/goma pré-encolhim.),,29/11/2021,,,METRO,12mm,"1,64","1,59","1,59",,,,,,,,,,
MR100.020,(fita tear fio PET c/goma pré-encolhim.),,29/11/2021,,,METRO,24mm,"3,34","3,24","3,24",,,,,,,,,,
MR100.020,(fita tear fio PET c/goma pré-encolhim.),,29/11/2021,,,METRO,30mm,"4,18","4,06","4,06",,,,,,,,,,
MR100.037,(fita tear 148 fios PET c/goma Nike),,20/11/2023,,,METRO,18mm,"1,42","1,38","1,38",,,,,,,,,,
MR130.038,(fita tear 48fios PET borda+96 fios brilh.meio c/goma),,20/11/2023,,,METRO,18mm,"1,98","1,92","1,92",,,,,,,,,,
MR130.030,(fita tear PET s/goma Nike),,14/10/2022,,,METRO,20mm,"0,82","0,80","0,80",,,,,,,,,,
MR100.027,(fita tear fio PET c/trama nylon 015 f.aux.),,12/05/2022,,,METRO,10mm,"1,69","1,64","1,64",,,,,,,,,,
MR100.029,(fita tear PET c/goma calandrada),,27/06/2022,,,METRO,45mm,"3,38","3,28","3,28",,,,,,,,,,
MR100.0034,(fita tear PET c/goma cores Nike),,10/10/2022,,,METRO,40mm,"2,76","2,68","2,68",,,,,,,,,,
MR120.001,(cad.tranç.16f.fio PET redondo Nike),,16/03/2022,,,METRO,"1,2mm","0,54","0,52","0,52",,,,,,,,,,
MR120.002,(cad.tranç.16f. Fio PET bicolor),,07/12/2021,,,PAR,100cm,"1,36","1,32","1,32",,,,,,,,,,
MR120.002,(cad.tranç.16f. Fio PET bicolor),,07/12/2021,,,METRO,,"0,66","0,64","0,64",,,,,,,,,,
MR140.000,(cad.tranç.40fu.PET cores Dass Saudades),,26/11/2021,,,PEÇA,100cm,"0,67",,,,,"0,7",,,,,,,
MR140.000,(cad.tranç.40fu.PET cores Dass Saudades),,01/11/2022,,,PEÇA,100cm,"0,70",,,,,"0,7",,,,,,,
MR140.001,(cad.tranç.48fu.8mm M6087 recicla.),,10/12/2020,,,PAR,100cm,"1,25","1,22","1,22",,,"1,32","1,28",,,,,,
MR140.001,(cad.tranç.48fu.8mm M6087 recicla.),,1/11/2022,,,PAR,100cm,"1,32","1,28","1,28",,,"1,32","1,28",,,,,,
MR140.001,(cad.tranç.48fu.10mm fio PET M6087 Adidas),,10/12/2020,,,PAR,100cm,"1,65","1,6","1,60",,,,,,,,,,
MR140.003,(cad.tranc.48fu.recicl.8mm M15033),,12/03/2021,,,PAR,100cm,"1,64","1,60","1,60",,,,,,,,,,
MR140.003,(cad.tranc.48fu.recicl.6mm M15033),,12/03/2021,,,PAR,100cm,"1,50","1,46","1,46",,,,,,,,,,
MR140.004,(tranç.40fus. PET 7mm),,8/3/2022,,,PAR,100cm,"1,54","1,49","1,49",,,,,,,,,,
MR140.005,(cad.tranç.40fu.reciclado 6mm),,16/11/2021,,,PAR,100cm,"1,10","1,08","1,08",,,"1,16","1,13",,,,,,
MR140.006,(cad.tranç.40fu.reciclado 6mm bicolor),,20/08/2021,,,PAR,100cm,"1,44","1,40","1,40",,,,,,,,,,
MR140.006,(cad.tranç.40fu.reciclado 6mm bicolor),,01/11/2022,,,PAR,100cm,"1,16","1,13","1,13",,,,,,,,,,
MR140.007,(cad.tranç.48fu. PET 8mm c/pont.colorida),,23/05/2022,,,PAR,100cm,"1,68","1,63","1,63",,,,,,,,,,
MR140.007,(cad.tranç.48fu.PET 8mm pont.metal dourada),,05/04/2023,,,PAR,120cm,"10,85",,,,,,,,,,,,
MR140.009,(cad.tranç.48fu.PET 8mm cores),,30/06/2022,,,PAR,100cm,"1,60","1,56","1,56",,,,,,,,,,
MR140.011,(cad.tranç.48fu.PET cores Nike M15102),,22/03/2023,,,PAR,100cm,"1,24","1,20","1,20",,,,,,,,,,
MR140.012,(cad.tranç.48fu.fio 30/2 pet Adidas),,22/03/2023,,,PAR,100cm,"1,44","1,40","1,40",,,,,,,,,,
MR140.014,(cad.tranç.48fu.fio PET um cabo Nike),,23/02/2023,,,PAR,100cm,"1,44","1,40","1,40",,,,,,,,,,
MR140.014,(com desconto concedido 12/02/2026) (cad.tranç.48fu.fio PET um cabo Nike),,12/02/2026,,,PAR,100cm,"1,26","1,22","1,22",,,,,,,,,,
MR140.023,(cad.tranç.48fu.2 e 1fios PET p/espulas Nike),,26/08/2025,,,PAR,100cm,"0,97","0,94","0,94",,,,,,,,,,
MR130.003,(tranç.32fu.reciclado),,10/12/2020,,,PAR,100cm,,"1,04","1,04",,,,,,,,,,
MR130.002,(cad.tranç.32f.6mm M13119 recicl.),,22/04/2022,,,PAR,100cm,"1,12","1,09","1,09",,,,,,,,,,
MR130.002,(cad.tranç.32f.6mm PET pont.colorida),,22/04/2022,,,PAR,100cm,"1,30",,,,,,,,,,,,
MR130.001,(cad.tranç.32fu.rec.M18011),,10/12/2020,,,PAR,100cm,"1,24","1,20","1,20",,,"1,4","1,36",,,,,,
MR130.001,(cad.tranç.32fu.rec.M18011),,01/11/2022,,,PAR,100cm,"1,40","1,36","1,36",,,"1,4","1,36",,,,,,
M130.005,(cad.tranç.32f.reciclado M13476),,21/01/2021,,,PAR,100cm,"0,86","0,84","0,84",,,,,,,,,,
M130.005,(custo atualizado 12/05/2022) (cad.tranç.32f.reciclado M13476),,12/05/2022,,,PAR,100cm,"1,14","1,11","1,11",,,,,,,,,,
MR130.006,(tranç.32fus.(3000/2-32),,11/02/2021,,,PAR,100cm,"1,86","1,80","1,80",,,,,,,,,,
MR130.011,(cad.tranç.32fu. PET cores),,27/04/2022,,,PAR,100cm,"1,22","1,18","1,18",,,,,,,,,,
MR130.011,(cad.tranç.32fu. PET cores),,27/04/2022,,,METRO,,"0,61","0,59","0,59",,,,,,,,,,
MR130.017,(cad.tranç.32fu.PET 6mm red.c/ench.bicol.),,01/07/2022,,,PAR,100cm,"1,47","1,43","1,43",,,,,,,,,,
MR130.017,(cad.tranç.32fu.PET 6mm red.c/ench.bicol.),,01/07/2022,,,METRO,,"0,73","0,71","0,71",,,,,,,,,,
MR130.019,(cad.tran.32f.PET red.c/ench. Pont.colorida),,19/05/2022,,,PAR,100cm,"1,75","1,70","1,70",,,,,,,,,,
MR130.020,(cad.tranç.32fu.PET 8mm 3fios espulas),,20/05/2022,,,PAR,100cm,"1,50","1,46","1,46",,,,,,,,,,
MR130.022,(cad.tranç.32f.PET redon.c/ench.M13017),,27/06/2022,,,PAR,100cm,"1,47","1,43","1,43",,,,,,,,,,
MR130.022,(cad.tranç.32f.PET redon.c/ench.M13017),,27/06/2022,,,METRO,,"0,72","0,71","0,71",,,,,,,,,,
MR130.025,(cad.tranç.32fu.PET redond.c/ench.FILA),,16/12/2022,,,PAR,100cm,"1,87","1,82","1,82",,,,,,,,,,
MR130.027,(cad.tranç.32fu.PET cores NIKE),,02/07/2024,,,PAR,100cm,"1,14","1,11","1,11",,,,,,,,,,
MR130.027,(com desconto concedido 02/07/2024) (cad.tranç.32fu.PET cores NIKE),,02/07/2024,,,PAR,100cm,"1,04","1,01","1,01",,,,,,,,,,
MR160.005,(cad.tranç.29fu.PET cores Adidas),,02/07/2024,,,PAR,100cm,"1,16","1,13","1,13",,,,,,,,,,
MR160.005,(Preço ajustado devido troca do cadarço c/mais fios) (cad.tranç.29fu.PET cores Adidas),,10/01/2025,,,PAR,100cm,"1,58",,,,,,,,,,,,
MR160.005,(cad.tranç.29fusos PET c/impermeablizante NS Adidas),,02/07/2024,,,PAR,100cm,"1,39",,,,,,,,,,,,
MR110.001,(cad.tub.tear recicl.6mm M10046),,10/12/2020,,,PAR,100cm,"1,14","1,12","1,12",,,,,,,,,,
MR110.002,(cad.tear tub.rec.8mm M21020),,10/12/2020,,,PAR,100cm,"1,02","0,99","0,99",,,"1,07","1,04",,,,,,
MR110.002,(cad.tear tub.rec.8mm M21020),,01/11/2022,,,PAR,100cm,"1,07","1,04","1,04",,,"1,07","1,04",,,,,,
MR110.002,(cad.tear tub.recicl.6mm M21020),,10/12/2020,,,PAR,100cm,"0,95","0,92","0,92",,,1,"0,97",,,,,,
MR110.002,(cad.tear tub.recicl.6mm M21020),,1/11/2022,,,PAR,100cm,"1,00","0,97","0,97",,,1,"0,97",,,,,,
MR110.003,(cad.tear PET 10mm M12109),,21/08/2024,,,PAR,100cm,"1,34","1,3","1,3",,,,,,,,,,
MR110.003,(cad.tear recic.8mm M12109),,10/12/2020,,,PAR,100cm,"1,05","1,02","1,02",,,"1,12","1,09",,,,,,
MR110.003,(cad.tear recic.8mm M12109),,1/11/2022,,,PAR,100cm,"1,12","1,09","1,09",,,"1,12","1,09",,,,,,
MR110.003,(cad.tear recic.6mm M12109),,12/03/2021,,,PAR,100cm,"0,95","0,92","0,92",,,"1,02","0,99",,,,,,
MR110.003,(cad.tear recic.6mm M12109),,01/11/2022,,,PAR,100cm,"1,02","0,99","0,99",,,"1,02","0,99",,,,,,
MR110.003,(cad.tear PET 14MM Adidas M12109),,09/10/2024,,,PAR,100cm,"1,96","1,91","1,91",,,,,,,,,,
MR.110.004,(cad.tear reciclado 6mm M12125),,10/12/2020,,,PAR,100cm,"1,07","1,04","1,04",,,,,,,,,,
MR110.006,(cad.tear reciclado 8mm M12125),,08/02/2021,,,PAR,100cm,"1,28","1,24","1,24",,,,,,,,,,
MR110.009,(cad.tear reciclado 6mm tub.6AL-F),,28/3/2022,,,PAR,100cm,"1,34","1,30","1,30",,,"1,3","1,24",,,,,,
MR110.009,(cad.tear reciclado 6mm tub.6AL-F),,1/11/2022,,,PAR,100cm,"1,30","1,24","1,24",,,"1,3","1,24",,,,,,
MR110.012,(cad.tear fio PET 8mm chato),,01/10/2021,,,PAR,100cm,"0,96","0,93","0,93",,,,,,,,,,
MR110.012,(preço  novo informado 07/10/2022 para Aniger) (cad.tear fio PET 8mm chato),,07/10/2022,,,PAR,100cm,"1,16",,,,,,,,,,,,
MR110.020,(cad.tear 72fiosPET8mm c/borda saliente calan.Adidas),,05/07/2024,,,PAR,100cm,"1,02",1,"1,00",,,,,,,,,,
MR110.021,(cad.tear 48 fios PET 6mm tubular s/ench. Asics),,22/11/2024,,,PAR,100cm,"0,86","0,83","0,83",,,,,,,,,,
MR110.022,(preço com desconto realizado) (cad.tear 58 fios PET c/pontilhado bicolor NIKE),,08/08/2024,,,PAR,100cm,"0,64","0,62","0,62",,,,,,,,,,
MR110.023,(cad.tear 104fios PET 12mm cores NIKE M12109),,30/10/2024,,,PAR,100cm,"1,68","1,63","1,63",,,,,,,,,,
MR110.024,(cad.tear 84fios PET (meadas) 10mm Adidas),,04/11/2024,,,PAR,100cm,"1,36","1,32","1,32",,,,,,,,,,
MR110.025,(cad.tear 102fios PET(meadas) 12mm Adidas),,05/11/2024,,,PAR,100cm,"1,64","1,59","1,59",,,,,,,,,,
MR110.026,(cad.tear 120fios PET(meadas) 14mm Adidas),,05/11/2024,,,PAR,100cm,"1,92","1,86","1,86",,,,,,,,,,
MR110.029,(cad.tear 74fios PET Refelxx 8mm Nike M12186 Reflexx),,22/09/2025,,,PAR,100cm,"1,03",1,"1,00",,,,,,,,,,
MR110.029,(Desconto concedido a partir de março/2026) (cad.tear 74fios PET Refelxx 8mm Nike M12186 Reflexx),,12/02/2026,,,PAR,100cm,"0,95","0,92","0,92",,,,,,,,,,
MR160.006,(elást.tear 60fios PET 20bor.revestida calandrado c/goma Nike),,22/04/2025,,,METRO,25mm,"3,3",,,,,,,,,,,,
M13801,(cad.tranç.32fu.2fios pol.p/espula 6mm preto/Branco Umbro),,01/06/2026,,,PAR,100cm,"0,43","0,41","0,41",,,,,,,,,,
M13801,(cad.tranç.32fu.2fios pol.p/espula 6mm cores Umbro),,01/06/2026,,,PAR,100cm,"0,66","0,64","0,64",,,,,,,,,,
M60103E,(cad.tranç.48fu. 2fios p/espula 30/2 pol. Cores engomado Osklen),,15/06/2026,,,PAR,100cm,"1,98","1,93","1,93",,,,,,,,,,
M60103E,(Com desconto concedido 17/03/2026) (cad.tranç.48fu. 2fios p/espula 30/2 pol. Cores engomado Osklen),,17/03/2026,,,PAR,100CM,"1,12","1,09","1,09",,,,,,,,,,
Organza,(sublimado um lado 25mm cores),,08/06/2026,,,PAR,100CM,"6,92",,,,,,,,,,,,
Cetim,(cores diversas 15mm largura FILA),,10/06/2026,,,PAR,100CM,"2,37",,,,,,,,,,,,
M31143,(fita tear 54 fios pol. Bicolor Fila),,13/05/2026,,,METRO,10mm,"0,41","0,40","0,40",,,,,,,,,,
J31124 15mm,Fita tear jacard 120fios pol. c/fio auxiliar polimp calandrada cores,0,15/06/2026 21:00:00,,,metros,15,"1,35","1,31","1,31",0,164,,,,,,,,
J31172 15mm,Fita tear Jacar c/72fios pol. c/ 1fio nylon 015 trama c/fio auxiliar c/goma marca Fila,0,21/06/2026 21:00:00,,,metros,15,"1,70","1,65","1,65",0,0,,,,,,,,
MFGP 12mm c/ goma,Fita tear MFGP fio pol. 12mm cores c/goma,0,22/06/2026 21:00:00,,,metros,12,"0,64","0,62","0,62",0,0,,,,,,,,
J31174,Fita tear jacard fio poliéster desenho quadriculado cores c/GOMA Fila,0,23/06/2026 21:00:00,,,metros,12,"1,45","1,41","1,41",0,0,,,,,,,,